PassengerId,Survived,Pclass,Name,Sex,Age,SibSp,Parch,Ticket,Fare,Cabin,Embarked,Title
1,0,3,"Braund, Mr. Owen Harris",True,-0.5303766406838785,1,0,A/5 21171,-0.5189778652472694,,S,-0.7339841393273954
2,1,1,"Cumings, Mrs. John Bradley (Florence Briggs Thayer)",False,0.571830994003175,1,0,PC 17599,0.6918967500566985,C85,C,1.0920251829017344
3,1,3,"Heikkinen, Miss. Laina",False,-0.25482473201211503,0,0,STON/O2. 3101282,-0.5062135634647565,,S,0.17902052178716957
4,1,1,"Futrelle, Mrs. Jacques Heath (Lily May Peel)",False,0.36516706249935255,1,0,113803,0.34804915212786086,C123,S,1.0920251829017344
5,0,3,"Allen, Mr. William Henry",True,0.36516706249935255,0,0,373450,-0.5038498038754023,,S,-0.7339841393273954
7,0,1,"McCarthy, Mr. Timothy J",True,1.6740386286902287,0,0,17463,0.32464793219325394,E46,S,-0.7339841393273954
8,0,3,"Palsson, Master. Gosta Leonard",True,-1.9081361840426954,3,1,349909,-0.257546054664692,,S,2.0050298440163
9,1,3,"Johnson, Mrs. Oscar W (Elisabeth Vilhelmina Berg)",False,-0.1859367548441742,0,2,347742,-0.4455443643405553,,S,1.0920251829017344
10,1,2,"Nasser, Mrs. Nicholas (Adele Achem)",False,-1.0814804580274051,1,0,237736,-0.08743478655338999,,C,1.0920251829017344
11,1,3,"Sandstrom, Miss. Marguerite Rut",False,-1.7703602297068137,1,1,PP 9549,-0.3402776402920899,G6,S,0.17902052178716957
12,1,1,"Bonnell, Miss. Elizabeth",False,1.949590537361992,0,0,113783,-0.15401338465097683,C103,S,0.17902052178716957
13,0,3,"Saundercock, Mr. William Henry",True,-0.6681525950197601,0,0,A/5. 2151,-0.5038498038754023,,S,-0.7339841393273954
14,0,3,"Andersson, Mr. Anders Johan",True,0.6407189711711159,1,5,347082,-0.06466327217338712,,S,-0.7339841393273954
15,0,3,"Vestrom, Miss. Hulda Amanda Adolfina",False,-1.0814804580274051,0,0,350406,-0.5075523968961668,,S,0.17902052178716957
16,1,2,"Hewlett, Mrs. (Mary D Kingcome) ",False,1.7429266058581694,0,0,248706,-0.35351469399247354,,S,1.0920251829017344
17,0,3,"Rice, Master. Eugene",True,-1.9081361840426954,4,1,382652,-0.10531993711027979,,Q,2.0050298440163
19,0,3,"Vander Planke, Mrs. Julius (Emelia Maria Vandemoortele)",False,0.08961515382758917,1,0,345763,-0.31569454056280594,,S,1.0920251829017344
21,0,2,"Fynney, Mr. Joseph J",True,0.36516706249935255,0,0,239865,-0.16441392684413544,,S,-0.7339841393273954
22,1,2,"Beesley, Mr. Lawrence",True,0.2962790853314117,0,0,248698,-0.410244924136975,D56,S,-0.7339841393273954
23,1,3,"McGowan, Miss. Anna ""Annie""",False,-1.0125924808594644,0,0,330923,-0.504243133471071,,Q,0.17902052178716957
24,1,1,"Sloper, Mr. William Thompson",True,-0.11704877767623337,0,0,113788,0.015231801946785766,A6,S,-0.7339841393273954
25,0,3,"Palsson, Miss. Torborg Danira",False,-1.4948083210350502,3,1,349909,-0.257546054664692,,S,0.17902052178716957
26,1,3,"Asplund, Mrs. Carl Oscar (Selma Augusta Emilia Johansson)",False,0.571830994003175,1,5,347077,-0.0625358885429683,,S,1.0920251829017344
28,0,1,"Fortune, Mr. Charles Alexander",True,-0.7370405721877009,3,2,19950,4.317274254571478,C23 C25 C27,S,-0.7339841393273954
31,0,1,"Uruchurtu, Don. Manuel E",True,0.7096069483390568,0,0,PC 17601,-0.1318734668332494,,C,2.9180345051308647
34,0,2,"Wheadon, Mr. Edward H",True,2.500694354705519,0,0,C.A. 24579,-0.4575201159240595,,S,-0.7339841393273954
35,0,1,"Meyer, Mr. Edgar Joseph",True,-0.11704877767623337,1,0,PC 17604,0.8977802102894517,,C,-0.7339841393273954
36,0,1,"Holverson, Mr. Alexander Oskar",True,0.8473829026749384,1,0,113789,0.32724806774154364,,S,-0.7339841393273954
38,0,3,"Cann, Mr. Ernest Charles",True,-0.5992646178518193,0,0,A./5. 2152,-0.5038498038754023,,S,-0.7339841393273954
39,0,3,"Vander Planke, Miss. Augusta Maria",False,-0.8059285493556418,2,0,345764,-0.31569454056280594,,S,0.17902052178716957
40,1,3,"Nicola-Yarred, Miss. Jamila",False,-1.0814804580274051,1,0,2651,-0.4434945120246673,,C,0.17902052178716957
41,0,3,"Ahlin, Mrs. Johan (Johanna Persdotter Larsson)",False,0.7096069483390568,1,0,7546,-0.47690294455676413,,S,1.0920251829017344
42,0,2,"Turpin, Mrs. William John Robert (Dorothy Ann Wonnacott)",False,-0.1859367548441742,1,0,11668,-0.2589643104183045,,S,1.0920251829017344
44,1,2,"Laroche, Miss. Simonne Marie Anne Andree",False,-1.8392482068747544,1,2,SC/Paris 2123,0.13018994031160347,,C,0.17902052178716957
45,1,3,"Devaney, Miss. Margaret Delia",False,-0.7370405721877009,0,0,330958,-0.5070796449782959,,Q,0.17902052178716957
50,0,3,"Arnold-Franchi, Mrs. Josef (Josefine Franchi)",False,-0.8059285493556418,1,0,349237,-0.3194765559057727,,S,1.0920251829017344
51,0,3,"Panula, Master. Juha Niilo",True,-1.5636962982029912,4,1,3101295,0.09441774819015235,,S,2.0050298440163
52,0,3,"Nosworthy, Mr. Richard Cater",True,-0.5992646178518193,0,0,A/4. 39886,-0.5085773230541109,,S,-0.7339841393273954
53,1,1,"Harper, Mrs. Henry Sleeper (Myna Haxtun)",False,1.3295987428505243,1,0,PC 17572,0.794879136838012,D33,C,1.0920251829017344
54,1,2,"Faunthorpe, Mrs. Lizzie (Elizabeth Anne Wilkinson)",False,-0.04816080050829252,1,0,2926,-0.16441392684413544,,S,1.0920251829017344
55,0,1,"Ostby, Mr. Engelhart Cornelius",True,2.431806377537578,0,1,113509,0.5159555052942132,B30,C,-0.7339841393273954
57,1,2,"Rugg, Miss. Emily",False,-0.5992646178518193,0,0,C.A. 31026,-0.4575201159240595,,S,0.17902052178716957
58,0,3,"Novel, Mr. Mansouer",True,-0.08260478909226295,0,0,2697,-0.519371194842938,,C,-0.7339841393273954
59,1,2,"West, Miss. Constance Mirium",False,-1.7014722525388728,1,2,C.A. 34651,-0.13132129259317626,,S,0.17902052178716957
60,0,3,"Goodwin, Master. William Frederick",True,-1.2881443895312277,5,2,CA 2144,0.2308066764958912,,S,2.0050298440163
61,0,3,"Sirayanian, Mr. Orsen",True,-0.5303766406838785,0,0,2669,-0.519371194842938,,C,-0.7339841393273954
62,1,1,"Icard, Miss. Amelie",False,0.571830994003175,0,0,113572,0.8567302157568903,B28,,0.17902052178716957
63,0,1,"Harris, Mr. Henry Birkhardt",True,1.054046834178761,1,0,36973,0.9224427323409378,C83,S,-0.7339841393273954
64,0,3,"Skoog, Master. Harald",True,-1.7703602297068137,3,2,347088,-0.12848478108595124,,S,2.0050298440163
67,1,2,"Nye, Mrs. (Elizabeth Ramell)",False,-0.04816080050829252,0,0,C.A. 29395,-0.4575201159240595,F33,S,1.0920251829017344
68,0,3,"Crease, Mr. Ernest James",True,-0.7370405721877009,0,0,S.P. 3464,-0.5018018425671859,,S,-0.7339841393273954
69,1,3,"Andersson, Miss. Erna Alexandra",False,-0.8748165265235827,4,2,3101281,-0.5062135634647565,,S,0.17902052178716957
70,0,3,"Kink, Mr. Vincenz",True,-0.25482473201211503,2,0,315151,-0.49226738188756664,,S,-0.7339841393273954
71,0,2,"Jenkin, Mr. Stephen Curnow",True,0.15850313099553,0,0,C.A. 33111,-0.4575201159240595,,S,-0.7339841393273954
72,0,3,"Goodwin, Miss. Lillian Amy",False,-0.9437045036915235,5,2,CA 2144,0.2308066764958912,,S,0.17902052178716957
73,0,2,"Hood, Mr. Ambrose Jr",True,-0.5992646178518193,0,0,S.O.C. 14879,0.7338147171104706,,S,-0.7339841393273954
74,0,3,"Chronopoulos, Mr. Apostolos",True,-0.25482473201211503,1,0,2680,-0.3827458905782637,,C,-0.7339841393273954
75,1,3,"Bing, Mr. Lee",True,0.15850313099553,0,0,1601,0.41226399063609354,,S,-0.7339841393273954
76,0,3,"Moen, Mr. Sigurd Hansen",True,-0.3237127091800559,0,0,348123,-0.5114138345613359,F G73,S,-0.7339841393273954
79,1,2,"Caldwell, Master. Alden Gates",True,-1.9887351173291863,0,2,248738,-0.10768369669963401,,S,2.0050298440163
80,1,3,"Dowdell, Miss. Elizabeth",False,0.020727176659648322,0,0,364516,-0.4201727144122627,,S,0.17902052178716957
81,0,3,"Waelens, Mr. Achille",True,-0.5303766406838785,0,0,345767,-0.48588523099631026,,S,-0.7339841393273954
82,1,3,"Sheerlinck, Mr. Jan Baptist",True,-0.04816080050829252,0,0,345779,-0.47643019263889336,,S,-0.7339841393273954
84,0,1,"Carrau, Mr. Francisco M",True,-0.11704877767623337,0,0,113059,0.234588691838858,,S,-0.7339841393273954
85,1,2,"Ilett, Miss. Bertha",False,-0.8748165265235827,0,0,SO/C 14885,-0.4575201159240595,,S,0.17902052178716957
86,1,3,"Backstrom, Mrs. Karl Alfred (Maria Mathilda Gustafsson)",False,0.22739110816347086,3,0,3101278,-0.3563512054996986,,S,1.0920251829017344
87,0,3,"Ford, Mr. William Neal",True,-0.9437045036915235,1,3,W./C. 6608,-0.006042034357402272,,S,-0.7339841393273954
89,1,1,"Fortune, Miss. Mabel Helen",False,-0.4614886635159376,3,2,19950,4.317274254571478,C23 C25 C27,S,0.17902052178716957
90,0,3,"Celotti, Mr. Francesco",True,-0.3926006863479967,0,0,343275,-0.5038498038754023,,S,-0.7339841393273954
91,0,3,"Christmann, Mr. Emil",True,-0.04816080050829252,0,0,343276,-0.5038498038754023,,S,-0.7339841393273954
92,0,3,"Andreasson, Mr. Paul Edvin",True,-0.6681525950197601,0,0,347466,-0.5075523968961668,,S,-0.7339841393273954
93,0,1,"Chaffee, Mr. Herbert Fuller",True,1.122934811346702,1,0,W.E.P. 5734,0.5007480216001439,E31,S,-0.7339841393273954
94,0,3,"Dean, Mr. Bertram Frank",True,-0.25482473201211503,1,2,C.A. 2315,-0.2670010930221089,,S,-0.7339841393273954
95,0,3,"Coxon, Mr. Daniel",True,2.018478514529933,0,0,364500,-0.5189778652472694,,S,-0.7339841393273954
97,0,1,"Goldschmidt, Mr. George B",True,2.845134240545223,0,0,PC 17754,-0.0007623409386206146,A5,C,-0.7339841393273954
98,1,1,"Greenfield, Mr. William Bertram",True,-0.4614886635159376,0,1,PC 17759,0.5420343920916405,D10 D12,C,-0.7339841393273954
99,1,2,"Doling, Mrs. John T (Ada Julia Bone)",False,0.2962790853314117,0,1,231919,-0.22114415698863688,,S,1.0920251829017344
100,0,2,"Kantor, Mr. Sinai",True,0.2962790853314117,1,0,244367,-0.16441392684413544,,S,-0.7339841393273954
101,0,3,"Petranec, Miss. Matilda",False,-0.11704877767623337,0,0,349245,-0.5067657377048297,,S,0.17902052178716957
103,0,1,"White, Mr. Richard Frasar",True,-0.5992646178518193,0,1,35281,0.8054366326679036,D26,S,-0.7339841393273954
104,0,3,"Johansson, Mr. Gustaf Joel",True,0.22739110816347086,0,0,7540,-0.49242433552429976,,S,-0.7339841393273954
105,0,3,"Gustafsson, Mr. Anders Vilhelm",True,0.5029430168352342,2,0,3101276,-0.5062135634647565,,S,-0.7339841393273954
106,0,3,"Mionoff, Mr. Stoytcho",True,-0.11704877767623337,0,0,349207,-0.5067657377048297,,S,-0.7339841393273954
107,1,3,"Salkjelsvik, Miss. Anna Kristine",False,-0.5992646178518193,0,0,343120,-0.5114138345613359,,S,0.17902052178716957
109,0,3,"Rekic, Mr. Tido",True,0.571830994003175,0,0,349249,-0.5067657377048297,,S,-0.7339841393273954
111,0,1,"Porter, Mr. Walter Chamberlain",True,1.1918227885146426,0,0,110465,0.32724806774154364,C110,S,-0.7339841393273954
112,0,3,"Zabour, Miss. Hileni",False,-1.0470364694434349,1,0,2665,-0.3827458905782637,,C,0.17902052178716957
113,0,3,"Barton, Mr. David John",True,-0.5303766406838785,0,0,324669,-0.5038498038754023,,S,-0.7339841393273954
114,0,3,"Jussila, Miss. Katriina",False,-0.6681525950197601,1,0,4136,-0.47028441770657237,,S,0.17902052178716957
115,0,3,"Attalah, Miss. Malake",False,-0.8748165265235827,0,0,2627,-0.3826683592637328,,C,0.17902052178716957
116,0,3,"Pekoniemi, Mr. Edvard",True,-0.5992646178518193,0,0,STON/O 2. 3101294,-0.5062135634647565,,S,-0.7339841393273954
117,0,3,"Connors, Mr. Patrick",True,2.8106902519612524,0,0,370369,-0.5095228268898525,,Q,-0.7339841393273954
118,0,2,"Turpin, Mr. William John Robert",True,-0.04816080050829252,1,0,11668,-0.2589643104183045,,S,-0.7339841393273954
119,0,1,"Baxter, Mr. Quigg Edmond",True,-0.3926006863479967,0,1,PC 17558,4.024561395087223,B58 B60,C,-0.7339841393273954
120,0,3,"Andersson, Miss. Ellis Anna Maria",False,-1.9081361840426954,4,2,347082,-0.06466327217338712,,S,0.17902052178716957
121,0,2,"Hickman, Mr. Stanley George",True,-0.5992646178518193,2,0,S.O.C. 14879,0.7338147171104706,,S,-0.7339841393273954
123,0,2,"Nasser, Mr. Nicholas",True,0.19294711957950042,1,0,237736,-0.08743478655338999,,C,-0.7339841393273954
124,1,2,"Webber, Miss. Susan",False,0.19294711957950042,0,0,27267,-0.410244924136975,E101,S,0.17902052178716957
125,0,1,"White, Mr. Percival Wayland",True,1.6740386286902287,0,1,35281,0.8054366326679036,D26,S,-0.7339841393273954
126,1,3,"Nicola-Yarred, Master. Elias",True,-1.219256412363287,1,0,2651,-0.4434945120246673,,C,2.0050298440163
128,1,3,"Madsen, Mr. Fridtjof Arne",True,-0.3926006863479967,0,0,C 17369,-0.5210258265554859,,S,-0.7339841393273954
130,0,3,"Ekstrom, Mr. Johan",True,1.054046834178761,0,0,347061,-0.5241781363438487,,S,-0.7339841393273954
131,0,3,"Drazenoic, Mr. Jozef",True,0.22739110816347086,0,0,349241,-0.5067657377048297,,C,-0.7339841393273954
132,0,3,"Coelho, Mr. Domingos Fernandeo",True,-0.6681525950197601,0,0,SOTON/O.Q. 3101307,-0.5227598805902361,,S,-0.7339841393273954
133,0,3,"Robins, Mrs. Alexander A (Grace Charity Laury)",False,1.1918227885146426,1,0,A/5. 3337,-0.3818798090647243,,S,1.0920251829017344
134,1,2,"Weisz, Mrs. Leopold (Mathilde Francoise Pede)",False,-0.04816080050829252,1,0,228414,-0.16441392684413544,,S,1.0920251829017344
135,0,2,"Sobey, Mr. Samuel James Hayden",True,-0.3237127091800559,0,0,C.A. 29178,-0.410244924136975,,S,-0.7339841393273954
136,0,2,"Richard, Mr. Emile",True,-0.4614886635159376,0,0,SC/PARIS 2133,-0.371558689193768,,C,-0.7339841393273954
137,1,1,"Newsom, Miss. Helen Monypeny",False,-0.7370405721877009,0,2,11752,-0.159056702110823,D47,S,0.17902052178716957
138,0,1,"Futrelle, Mr. Jacques Heath",True,0.5029430168352342,1,0,113803,0.34804915212786086,C123,S,-0.7339841393273954
139,0,3,"Osen, Mr. Olaf Elon",True,-0.9437045036915235,0,0,7534,-0.48178741737220576,,S,-0.7339841393273954
140,0,1,"Giglio, Mr. Victor",True,-0.3926006863479967,0,0,PC 17593,0.8416021543850234,B86,C,-0.7339841393273954
142,1,3,"Nysten, Miss. Anna Sofia",False,-0.5303766406838785,0,0,347081,-0.5095228268898525,,S,0.17902052178716957
143,1,3,"Hakkarainen, Mrs. Pekka Pietari (Elin Matilda Dolck)",False,-0.3926006863479967,1,0,STON/O2. 3101279,-0.3563512054996986,,S,1.0920251829017344
144,0,3,"Burke, Mr. Jeremiah",True,-0.7370405721877009,0,0,365222,-0.5284329036046863,,Q,-0.7339841393273954
145,0,2,"Andrew, Mr. Edgardo Samuel",True,-0.8059285493556418,0,0,231945,-0.4386100392092257,,S,-0.7339841393273954
146,0,2,"Nicholls, Mr. Joseph Charles",True,-0.7370405721877009,1,1,C.A. 33112,0.03886939784032803,,S,-0.7339841393273954
147,1,3,"Andersson, Mr. August Edvard (""Wennerstrom"")",True,-0.1859367548441742,0,0,350043,-0.5086567453763131,,S,-0.7339841393273954
148,0,3,"Ford, Miss. Robina Maggie ""Ruby""",False,-1.4259203438671093,2,2,W./C. 6608,-0.006042034357402272,,S,0.17902052178716957
149,0,2,"Navratil, Mr. Michel (""Louis M Hoffman"")",True,0.4684990282512638,0,2,230080,-0.16441392684413544,F2,S,-0.7339841393273954
150,0,2,"Byles, Rev. Thomas Roussel Davids",True,0.8473829026749384,0,0,244310,-0.410244924136975,,S,2.9180345051308647
151,0,2,"Bateman, Rev. Robert James",True,1.4673746971864061,0,0,S.O.P. 1166,-0.41922721057652107,,S,2.9180345051308647
152,1,1,"Pears, Mrs. Thomas (Edith Wearne)",False,-0.5303766406838785,1,0,113776,0.6033351877781172,C2,S,1.0920251829017344
153,0,3,"Meo, Mr. Alfonzo",True,1.7773705944421399,0,0,A.5. 11206,-0.5038498038754023,,S,-0.7339841393273954
154,0,3,"van Billiard, Mr. Austin Blyler",True,0.7440509369230272,0,2,A/5. 851,-0.3818798090647243,,S,-0.7339841393273954
156,0,1,"Williams, Mr. Charles Duane",True,1.4673746971864061,0,1,PC 17597,0.5046094592653129,,C,-0.7339841393273954
157,1,3,"Gilnagh, Miss. Katherine ""Katie""",False,-0.9437045036915235,0,0,35851,-0.5098386251709902,,Q,0.17902052178716957
158,0,3,"Corn, Mr. Harry",True,0.020727176659648322,0,0,SOTON/OQ 392090,-0.5038498038754023,,S,-0.7339841393273954
161,0,3,"Cribb, Mr. John Hatfield",True,0.9851588570108202,0,1,371362,-0.35162368632099017,,S,-0.7339841393273954
162,1,2,"Watt, Mrs. James (Elizabeth ""Bessie"" Inglis Milne)",False,0.7096069483390568,0,0,C.A. 33595,-0.358242213171182,,S,1.0920251829017344
163,0,3,"Bengtsson, Mr. John Viktor",True,-0.25482473201211503,0,0,347068,-0.5090500749719817,,S,-0.7339841393273954
164,0,3,"Calic, Mr. Jovo",True,-0.8748165265235827,0,0,315093,-0.49226738188756664,,S,-0.7339841393273954
165,0,3,"Panula, Master. Eino Viljami",True,-1.977024161210636,4,1,3101295,0.09441774819015235,,S,2.0050298440163
166,1,3,"Goldsmith, Master. Frank John William ""Frankie""",True,-1.4259203438671093,0,2,363291,-0.2679465968578506,,S,2.0050298440163
168,0,3,"Skoog, Mrs. William (Anna Bernhardina Karlsson)",False,1.054046834178761,1,4,347088,-0.12848478108595124,,S,1.0920251829017344
170,0,3,"Ling, Mr. Lee",True,-0.11704877767623337,0,0,1601,0.41226399063609354,,S,-0.7339841393273954
171,0,1,"Van der hoef, Mr. Wyckoff",True,2.1562544688658143,0,0,111240,-0.022588351482881856,B19,S,-0.7339841393273954
172,0,3,"Rice, Master. Arthur",True,-1.7703602297068137,4,1,382652,-0.10531993711027979,,Q,2.0050298440163
173,1,3,"Johnson, Miss. Eleanor Ileen",False,-1.977024161210636,1,1,347742,-0.4455443643405553,,S,0.17902052178716957
174,0,3,"Sivola, Mr. Antti Wilhelm",True,-0.5992646178518193,0,0,STON/O 2. 3101280,-0.5062135634647565,,S,-0.7339841393273954
175,0,1,"Smith, Mr. James Clinch",True,1.8118145830261103,0,0,17764,-0.07561598860661886,A7,C,-0.7339841393273954
176,0,3,"Klasen, Mr. Klas Albin",True,-0.8059285493556418,1,1,350404,-0.5075523968961668,,S,-0.7339841393273954
178,0,1,"Isham, Miss. Ann Elizabeth",False,1.3984867200184652,0,0,PC 17595,-0.11312034375514876,C49,C,0.17902052178716957
179,0,2,"Hale, Mr. Reginald",True,0.020727176659648322,0,0,250653,-0.410244924136975,,S,-0.7339841393273954
180,0,3,"Leonard, Mr. Lionel",True,0.43405503966729336,0,0,LINE,-0.6560759214298145,,S,-0.7339841393273954
183,0,3,"Asplund, Master. Clarence Gustaf Hugo",True,-1.4259203438671093,4,2,347077,-0.0625358885429683,,S,2.0050298440163
184,1,2,"Becker, Master. Richard F",True,-1.977024161210636,2,1,230136,0.08141707044870411,F4,S,2.0050298440163
185,1,3,"Kink-Heilmann, Miss. Luise Gretchen",False,-1.7703602297068137,0,2,315153,-0.23958148178559988,,S,0.17902052178716957
188,1,1,"Romaine, Mr. Charles Hallace (""Mr C Rolmane"")",True,1.054046834178761,0,0,111428,-0.15401338465097683,,S,-0.7339841393273954
189,0,3,"Bourke, Mr. John",True,0.7096069483390568,1,1,364849,-0.3629697323498905,,Q,-0.7339841393273954
190,0,3,"Turcin, Mr. Stjepan",True,0.43405503966729336,0,0,349247,-0.5067657377048297,,S,-0.7339841393273954
191,1,2,"Pinsky, Mrs. (Rosa)",False,0.15850313099553,0,0,234604,-0.410244924136975,,S,1.0920251829017344
192,0,2,"Carbines, Mr. William",True,-0.7370405721877009,0,0,28424,-0.410244924136975,,S,-0.7339841393273954
193,1,3,"Andersen-Jensen, Miss. Carla Christine Nielsine",False,-0.7370405721877009,1,0,350046,-0.5075523968961668,,S,0.17902052178716957
194,1,2,"Navratil, Master. Michel M",True,-1.8392482068747544,1,1,230080,-0.16441392684413544,F2,S,2.0050298440163
195,1,1,"Brown, Mrs. James Joseph (Margaret Tobin)",False,0.9851588570108202,0,0,PC 17610,-0.1318734668332494,B4,C,1.0920251829017344
196,1,1,"Lurette, Miss. Elise",False,1.949590537361992,0,0,PC 17569,2.1146436468890077,B80,C,0.17902052178716957
198,0,3,"Olsen, Mr. Karl Siegwart Andreas",True,0.8473829026749384,0,1,4579,-0.49715185470300827,,S,-0.7339841393273954
200,0,2,"Yrois, Miss. Henriette (""Mrs Harbeck"")",False,-0.3926006863479967,0,0,248747,-0.410244924136975,,S,0.17902052178716957
201,0,3,"Vande Walle, Mr. Nestor Cyriel",True,-0.11704877767623337,0,0,345770,-0.47643019263889336,,S,-0.7339841393273954
203,0,3,"Johanson, Mr. Jakob Alfred",True,0.2962790853314117,0,0,3101264,-0.5332398451055971,,S,-0.7339841393273954
204,0,3,"Youseff, Mr. Gerious",True,1.0884908227627315,0,0,2628,-0.5194506171651402,,C,-0.7339841393273954
205,1,3,"Cohen, Mr. Gurshon ""Gus""",True,-0.8059285493556418,0,0,A/5 3540,-0.5038498038754023,,S,-0.7339841393273954
206,0,3,"Strom, Miss. Telma Matilda",False,-1.9081361840426954,0,1,347054,-0.4582292438008658,G6,S,0.17902052178716957
207,0,3,"Backstrom, Mr. Karl Alfred",True,0.15850313099553,1,0,3101278,-0.3563512054996986,,S,-0.7339841393273954
208,1,3,"Albimona, Mr. Nassef Cassem",True,-0.25482473201211503,0,0,2699,-0.30080285514987426,,C,-0.7339841393273954
209,1,3,"Carr, Miss. Helen ""Ellen""",False,-0.9437045036915235,0,0,367231,-0.5095228268898525,,Q,0.17902052178716957
210,1,1,"Blank, Mr. Henry",True,0.7096069483390568,0,0,112277,-0.06986354326996638,A31,C,-0.7339841393273954
211,0,3,"Ali, Mr. Ahmed",True,-0.3926006863479967,0,0,SOTON/O.Q. 3101311,-0.5227598805902361,,S,-0.7339841393273954
212,1,2,"Cameron, Miss. Clear Annie",False,0.36516706249935255,0,0,F.C.C. 13528,-0.2589643104183045,,S,0.17902052178716957
213,0,3,"Perkin, Mr. John Henry",True,-0.5303766406838785,0,0,A/5 21174,-0.5189778652472694,,S,-0.7339841393273954
214,0,2,"Givard, Mr. Hans Kristensen",True,0.020727176659648322,0,0,250646,-0.410244924136975,,S,-0.7339841393273954
216,1,1,"Newell, Miss. Madeleine",False,0.08961515382758917,1,0,35273,1.4859630184429855,D36,C,0.17902052178716957
217,1,3,"Honkanen, Miss. Eliina",False,-0.1859367548441742,0,0,STON/O2. 3101283,-0.5062135634647565,,S,0.17902052178716957
218,0,2,"Jacobsohn, Mr. Sidney Samuel",True,0.8473829026749384,1,0,243847,-0.14550385012930164,,S,-0.7339841393273954
219,1,1,"Bazzani, Miss. Albina",False,0.15850313099553,0,0,11813,0.7866059782752722,D15,C,0.17902052178716957
220,0,2,"Harris, Mr. Walter",True,0.020727176659648322,0,0,W/C 14208,-0.4575201159240595,,S,-0.7339841393273954
221,1,3,"Sunderland, Mr. Victor Francis",True,-0.9437045036915235,0,0,SOTON/OQ 392089,-0.5038498038754023,,S,-0.7339841393273954
222,0,2,"Bracken, Mr. James H",True,-0.1859367548441742,0,0,220367,-0.410244924136975,,S,-0.7339841393273954
223,0,3,"Green, Mr. George Henry",True,1.4673746971864061,0,0,21440,-0.5038498038754023,,S,-0.7339841393273954
225,1,1,"Hoyt, Mr. Frederick Maxfield",True,0.571830994003175,1,0,19943,1.0458309829052286,C93,S,-0.7339841393273954
226,0,3,"Berglund, Mr. Karl Ivar Sven",True,-0.5303766406838785,0,0,PP 4348,-0.4792667041461184,,S,-0.7339841393273954
227,1,2,"Mellors, Mr. William John",True,-0.7370405721877009,0,0,SW/PP 751,-0.4575201159240595,,S,-0.7339841393273954
228,0,3,"Lovell, Mr. John Hall (""Henry"")",True,-0.6337086064357897,0,0,A/5 21173,-0.5189778652472694,,S,-0.7339841393273954
229,0,2,"Fahlstrom, Mr. Arne Jonas",True,-0.8059285493556418,0,0,236171,-0.410244924136975,,S,-0.7339841393273954
231,1,1,"Harris, Mrs. Henry Birkhardt (Irene Wallach)",False,0.36516706249935255,1,0,36973,0.9224427323409378,C83,S,1.0920251829017344
232,0,3,"Larsson, Mr. Bengt Edvin",True,-0.04816080050829252,0,0,347067,-0.5090500749719817,,S,-0.7339841393273954
233,0,2,"Sjostedt, Mr. Ernst Adolf",True,2.018478514529933,0,0,237442,-0.4007898857795581,,S,-0.7339841393273954
234,1,3,"Asplund, Miss. Lillian Gertrud",False,-1.7014722525388728,4,2,347077,-0.0625358885429683,,S,0.17902052178716957
235,0,2,"Leyson, Mr. Robert William Norman",True,-0.3926006863479967,0,0,C.A. 29566,-0.4575201159240595,,S,-0.7339841393273954
237,0,2,"Hold, Mr. Stephen",True,0.9851588570108202,1,0,26707,-0.16441392684413544,,S,-0.7339841393273954
238,1,2,"Collyer, Miss. Marjorie ""Lottie""",False,-1.4948083210350502,0,2,C.A. 31921,-0.159686407665427,,S,0.17902052178716957
239,0,2,"Pengelly, Mr. Frederick William",True,-0.7370405721877009,0,0,28665,-0.4575201159240595,,S,-0.7339841393273954
240,0,2,"Hunt, Mr. George Henry",True,0.22739110816347086,0,0,SCO/W 1585,-0.4239547297552295,,S,-0.7339841393273954
243,0,2,"Coleridge, Mr. Reginald Charles",True,-0.04816080050829252,0,0,W./C. 14263,-0.4575201159240595,,S,-0.7339841393273954
244,0,3,"Maenpaa, Mr. Matti Alexanteri",True,-0.5303766406838785,0,0,STON/O 2. 3101275,-0.5213416248366236,,S,-0.7339841393273954
245,0,3,"Attalah, Mr. Sleiman",True,0.020727176659648322,0,0,2694,-0.5194506171651402,,C,-0.7339841393273954
246,0,1,"Minahan, Dr. William Edward",True,0.9851588570108202,2,0,19928,1.0458309829052286,C78,Q,2.9180345051308647
247,0,3,"Lindahl, Miss. Agda Thorilda Viktoria",False,-0.3237127091800559,0,0,347071,-0.5090500749719817,,S,0.17902052178716957
248,1,2,"Hamalainen, Mrs. William (Anna)",False,-0.3926006863479967,0,2,250649,-0.3818798090647243,,S,1.0920251829017344
249,1,1,"Beckwith, Mr. Richard Leonard",True,0.5029430168352342,1,1,11751,0.33772803225690456,D35,S,-0.7339841393273954
250,0,2,"Carter, Rev. Ernest Courtenay",True,1.6740386286902287,1,0,244252,-0.16441392684413544,,S,2.9180345051308647
252,0,3,"Strom, Mrs. Wilhelm (Elna Matilda Persson)",False,-0.04816080050829252,1,1,347054,-0.4582292438008658,G6,S,1.0920251829017344
253,0,1,"Stead, Mr. William Thomas",True,2.225142446033755,0,0,113514,-0.15401338465097683,C87,S,-0.7339841393273954
254,0,3,"Lobb, Mr. William Arthur",True,0.020727176659648322,1,0,A/5. 3336,-0.35162368632099017,,S,-0.7339841393273954
255,0,3,"Rosblom, Mrs. Viktor (Helena Wilhelmina)",False,0.7784949255069976,0,2,370129,-0.27385599583123615,,S,1.0920251829017344
256,1,3,"Touma, Mrs. Darwis (Hanne Youssef Razi)",False,-0.04816080050829252,0,2,2650,-0.36777667385080126,,C,1.0920251829017344
258,1,1,"Cherry, Miss. Gladys",False,0.020727176659648322,0,0,110152,0.9796457144033102,B77,S,0.17902052178716957
259,1,1,"Ward, Miss. Anna",False,0.36516706249935255,0,0,PC 17755,9.03210855381962,,C,0.17902052178716957
260,1,2,"Parrish, Mrs. (Lutie Davis)",False,1.3984867200184652,0,1,230433,-0.16441392684413544,,S,1.0920251829017344
262,1,3,"Asplund, Master. Edvin Rojj Felix",True,-1.8392482068747544,4,2,347077,-0.0625358885429683,,S,2.0050298440163
263,0,1,"Taussig, Mr. Emil",True,1.5362626743543468,1,1,110413,0.8501116889066986,E67,S,-0.7339841393273954
264,0,1,"Harrison, Mr. William",True,0.7096069483390568,0,0,112059,-0.6560759214298145,B94,S,-0.7339841393273954
266,0,2,"Reeves, Mr. David",True,0.43405503966729336,0,0,C.A. 17248,-0.4575201159240595,,S,-0.7339841393273954
267,0,3,"Panula, Mr. Ernesti Arvid",True,-0.9437045036915235,4,1,3101295,0.09441774819015235,,S,-0.7339841393273954
268,1,3,"Persson, Mr. Ernst Ulrik",True,-0.3237127091800559,1,0,347083,-0.5090500749719817,,S,-0.7339841393273954
269,1,1,"Graham, Mrs. William Thompson (Edith Junkins)",False,1.949590537361992,0,1,PC 17582,2.245911726420369,C125,S,1.0920251829017344
270,1,1,"Bissette, Miss. Amelia",False,0.36516706249935255,0,0,PC 17760,1.908760186656254,C99,S,0.17902052178716957
272,1,3,"Tornquist, Mr. William Henry",True,-0.3237127091800559,0,0,LINE,-0.6560759214298145,,S,-0.7339841393273954
273,1,2,"Mellinger, Mrs. (Elizabeth Anne Maidment)",False,0.7784949255069976,0,1,250644,-0.28732942549055523,,S,1.0920251829017344
274,0,1,"Natsch, Mr. Charles H",True,0.5029430168352342,0,1,PC 17596,-0.09444664299925036,C118,C,-0.7339841393273954
276,1,1,"Andrews, Miss. Kornelia Theodosia",False,2.294030423201696,1,0,13502,0.818121512128214,D7,S,0.17902052178716957
277,0,3,"Lindblom, Miss. Augusta Charlotta",False,1.054046834178761,0,0,347073,-0.5095228268898525,,S,0.17902052178716957
279,0,3,"Rice, Master. Eric",True,-1.5636962982029912,4,1,382652,-0.10531993711027979,,Q,2.0050298440163
280,1,3,"Abbott, Mrs. Stanton (Rosa Hunt)",False,0.36516706249935255,1,1,C.A. 2673,-0.2731468679544299,,S,1.0920251829017344
281,0,3,"Duane, Mr. Frank",True,2.431806377537578,0,0,336439,-0.5095228268898525,,Q,-0.7339841393273954
282,0,3,"Olsson, Mr. Nils Johan Goransson",True,-0.11704877767623337,0,0,347464,-0.5075523968961668,,S,-0.7339841393273954
283,0,3,"de Pelsmaeker, Mr. Alfons",True,-0.9437045036915235,0,0,345778,-0.47643019263889336,,S,-0.7339841393273954
284,1,3,"Dorking, Mr. Edward Arthur",True,-0.7370405721877009,0,0,A/5. 10482,-0.5038498038754023,,S,-0.7339841393273954
286,0,3,"Stankovic, Mr. Ivan",True,0.22739110816347086,0,0,349239,-0.49226738188756664,,C,-0.7339841393273954
287,1,3,"de Mulder, Mr. Theodore",True,0.020727176659648322,0,0,345774,-0.47643019263889336,,S,-0.7339841393273954
288,0,3,"Naidenoff, Mr. Penko",True,-0.5303766406838785,0,0,349206,-0.5067657377048297,,S,-0.7339841393273954
289,1,2,"Hosono, Mr. Masabumi",True,0.8473829026749384,0,0,237798,-0.410244924136975,,S,-0.7339841393273954
290,1,3,"Connolly, Miss. Kate",False,-0.5303766406838785,0,0,370373,-0.5095228268898525,,Q,0.17902052178716957
291,1,1,"Barber, Miss. Ellen ""Nellie""",False,-0.25482473201211503,0,0,19877,0.8349836275348314,,S,0.17902052178716957
292,1,1,"Bishop, Mrs. Dickinson H (Helen Walton)",False,-0.7370405721877009,1,0,11967,1.066238737695877,B49,C,1.0920251829017344
293,0,2,"Levy, Mr. Rene Jacques",True,0.43405503966729336,0,0,SC/Paris 2163,-0.41260868372632925,D,C,-0.7339841393273954
294,0,3,"Haas, Miss. Aloisia",False,-0.3926006863479967,0,0,349236,-0.4887217425035353,,S,0.17902052178716957
295,0,3,"Mineff, Mr. Ivan",True,-0.3926006863479967,0,0,349233,-0.5067657377048297,,S,-0.7339841393273954
297,0,3,"Hanna, Mr. Mansour",True,-0.4270446749319672,0,0,2693,-0.519371194842938,,C,-0.7339841393273954
298,0,1,"Allison, Miss. Helen Loraine",False,-1.9081361840426954,1,2,113781,2.20974620470325,C22 C26,S,0.17902052178716957
300,1,1,"Baxter, Mrs. James (Helene DeLaudeniere Chaput)",False,1.3984867200184652,0,1,PC 17558,4.024561395087223,B58 B60,C,1.0920251829017344
303,0,3,"Johnson, Mr. William Cahoone Jr",True,-0.7370405721877009,0,0,LINE,-0.6560759214298145,,S,-0.7339841393273954
306,1,1,"Allison, Master. Hudson Trevor",True,-1.9825351993840714,1,2,113781,2.20974620470325,C22 C26,S,2.0050298440163
308,1,1,"Penasco y Castellana, Mrs. Victor de Satode (Maria Josefa Perez de Soto y Vallejo)",False,-0.8748165265235827,1,0,PC 17758,1.4032314328155877,C65,C,1.0920251829017344
309,0,2,"Abelson, Mr. Samuel",True,0.020727176659648322,1,0,P/PP 3381,-0.20223408027380307,,C,-0.7339841393273954
310,1,1,"Francatelli, Miss. Laura Mabel",False,0.020727176659648322,0,0,PC 17485,0.42045961788430253,E36,C,0.17902052178716957
311,1,1,"Hays, Miss. Margaret Bechstein",False,-0.3926006863479967,0,0,11767,0.91645391104535,C54,C,0.17902052178716957
312,1,1,"Ryerson, Miss. Emily Borie",False,-0.8059285493556418,2,2,PC 17608,4.305455456624707,B57 B59 B63 B66,C,0.17902052178716957
313,0,2,"Lahtinen, Mrs. William (Anna Sylfven)",False,-0.25482473201211503,1,1,250651,-0.16441392684413544,,S,1.0920251829017344
314,0,3,"Hendekovic, Mr. Ignjac",True,-0.11704877767623337,0,0,349243,-0.5067657377048297,,S,-0.7339841393273954
315,0,2,"Hart, Mr. Benjamin",True,0.9162708798428792,1,1,F.C.C. 13529,-0.159686407665427,,S,-0.7339841393273954
316,1,3,"Nilsson, Miss. Helmina Josefina",False,-0.25482473201211503,0,0,347470,-0.5075523968961668,,S,0.17902052178716957
317,1,2,"Kantor, Mrs. Sinai (Miriam Sternin)",False,-0.3926006863479967,1,0,244367,-0.16441392684413544,,S,1.0920251829017344
318,0,2,"Moraweck, Dr. Ernest",True,1.6740386286902287,0,0,29011,-0.3913348474221412,,S,2.9180345051308647
319,1,1,"Wick, Miss. Mary Natalie",False,0.08961515382758917,0,2,36928,2.461566023291677,C7,S,0.17902052178716957
320,1,1,"Spedden, Mrs. Frederic Oakley (Margaretta Corning Stone)",False,0.7096069483390568,1,1,16966,1.887329396715333,E34,C,1.0920251829017344
321,0,3,"Dennis, Mr. Samuel",True,-0.5303766406838785,0,0,A/5 21172,-0.5189778652472694,,S,-0.7339841393273954
322,0,3,"Danoff, Mr. Yoto",True,-0.1859367548441742,0,0,349219,-0.5067657377048297,,S,-0.7339841393273954
323,1,2,"Slayter, Miss. Hilda Mary",False,0.020727176659648322,0,0,234818,-0.4225364740016169,,Q,0.17902052178716957
324,1,2,"Caldwell, Mrs. Albert Francis (Sylvia Mae Harbaugh)",False,-0.5303766406838785,1,1,248738,-0.10768369669963401,,S,1.0920251829017344
326,1,1,"Young, Miss. Marie Grice",False,0.43405503966729336,0,0,PC 17760,1.908760186656254,C32,C,0.17902052178716957
327,0,3,"Nysveen, Mr. Johan Hansen",True,2.1562544688658143,0,0,345364,-0.5381243179210387,,S,-0.7339841393273954
328,1,2,"Ball, Mrs. (Ada E Hall)",False,0.43405503966729336,0,0,28551,-0.410244924136975,D,S,1.0920251829017344
329,1,3,"Goldsmith, Mrs. Frank John (Emily Alice Brown)",False,0.08961515382758917,1,1,363291,-0.2679465968578506,,S,1.0920251829017344
330,1,1,"Hippach, Miss. Jean Gertrude",False,-0.9437045036915235,0,1,111361,0.440315198434878,B18,C,0.17902052178716957
332,0,1,"Partner, Mr. Austen",True,1.0884908227627315,0,0,113043,-0.11713873505705091,C124,S,-0.7339841393273954
333,0,1,"Graham, Mr. George Edward",True,0.571830994003175,0,1,PC 17582,2.245911726420369,C91,S,-0.7339841393273954
334,0,3,"Vander Planke, Mr. Leo Edmondus",True,-0.9437045036915235,2,0,345764,-0.31569454056280594,,S,-0.7339841393273954
337,0,1,"Pears, Mr. Thomas Clinton",True,-0.04816080050829252,1,0,113776,0.6033351877781172,C2,S,-0.7339841393273954
338,1,1,"Burns, Miss. Elizabeth Margaret",False,0.7784949255069976,0,0,16966,1.887329396715333,E40,C,0.17902052178716957
339,1,3,"Dahl, Mr. Karl Edwart",True,1.054046834178761,0,0,7598,-0.5038498038754023,,S,-0.7339841393273954
340,0,1,"Blackwell, Mr. Stephen Weart",True,1.054046834178761,0,0,113784,0.015231801946785766,T,S,-0.7339841393273954
341,1,2,"Navratil, Master. Edmond Roger",True,-1.9081361840426954,1,1,230080,-0.16441392684413544,F2,S,2.0050298440163
342,1,1,"Fortune, Miss. Alice Elizabeth",False,-0.3926006863479967,3,2,19950,4.317274254571478,C23 C25 C27,S,0.17902052178716957
343,0,2,"Collander, Mr. Erik Gustaf",True,-0.11704877767623337,0,0,248740,-0.410244924136975,,S,-0.7339841393273954
344,0,2,"Sedgwick, Mr. Charles Frederick Waddington",True,-0.3237127091800559,0,0,244361,-0.410244924136975,,S,-0.7339841393273954
345,0,2,"Fox, Mr. Stanley Hubert",True,0.43405503966729336,0,0,229236,-0.410244924136975,,S,-0.7339841393273954
346,1,2,"Brown, Miss. Amelia ""Mildred""",False,-0.3926006863479967,0,0,248733,-0.410244924136975,F33,S,0.17902052178716957
347,1,2,"Smith, Miss. Marion Elsie",False,0.7096069483390568,0,0,31418,-0.410244924136975,,S,0.17902052178716957
349,1,3,"Coutts, Master. William Loch ""William""",True,-1.8392482068747544,1,1,C.A. 37671,-0.35540570166395696,,S,2.0050298440163
350,0,3,"Dimic, Mr. Jovan",True,0.8473829026749384,0,0,315088,-0.49226738188756664,,S,-0.7339841393273954
351,0,3,"Odahl, Mr. Nils Martin",True,-0.4614886635159376,0,0,7267,-0.48163046373547264,,S,-0.7339841393273954
353,0,3,"Elias, Mr. Tannous",True,-1.0125924808594644,1,1,2695,-0.519371194842938,,C,-0.7339841393273954
354,0,3,"Arnold-Franchi, Mr. Josef",True,-0.3237127091800559,1,0,349237,-0.3194765559057727,,S,-0.7339841393273954
356,0,3,"Vanden Steen, Mr. Leo Peter",True,-0.11704877767623337,0,0,345783,-0.47643019263889336,,S,-0.7339841393273954
357,1,1,"Bowerman, Miss. Elsie Edith",False,-0.5303766406838785,0,1,113505,0.3839782978860451,E33,S,0.17902052178716957
358,0,2,"Funk, Miss. Annie Clemmer",False,0.571830994003175,0,0,237671,-0.410244924136975,,S,0.17902052178716957
361,0,3,"Skoog, Mr. Wilhelm",True,0.7096069483390568,1,4,347088,-0.12848478108595124,,S,-0.7339841393273954
362,0,2,"del Carlo, Mr. Sebastiano",True,-0.04816080050829252,1,0,SC/PARIS 2167,-0.1318734668332494,,C,-0.7339841393273954
363,0,3,"Barbara, Mrs. (Catherine David)",False,1.054046834178761,0,1,2691,-0.3827458905782637,,C,1.0920251829017344
364,0,3,"Asim, Mr. Adola",True,0.36516706249935255,0,0,SOTON/O.Q. 3101310,-0.5227598805902361,,S,-0.7339841393273954
366,0,3,"Adahl, Mr. Mauritz Nils Martin",True,0.020727176659648322,0,0,C 7076,-0.5189778652472694,,S,-0.7339841393273954
367,1,1,"Warren, Mrs. Frank Manley (Anna Sophia Atkinson)",False,2.087366491697874,1,0,110813,0.7669073513614297,D37,C,1.0920251829017344
370,1,1,"Aubart, Mme. Leontine Pauline",False,-0.3926006863479967,0,0,PC 17477,0.6543923949081686,B35,C,2.9180345051308647
371,1,1,"Harder, Mr. George Achilles",True,-0.3237127091800559,1,0,11765,0.39233087877098716,E50,C,-0.7339841393273954
372,0,3,"Wiklund, Mr. Jakob Alfred",True,-0.8059285493556418,1,0,3101267,-0.5332398451055971,,S,-0.7339841393273954
373,0,3,"Beavan, Mr. William Thomas",True,-0.7370405721877009,0,0,323951,-0.5038498038754023,,S,-0.7339841393273954
374,0,1,"Ringhini, Mr. Sante",True,-0.5303766406838785,0,0,PC 17760,1.908760186656254,,C,-0.7339841393273954
375,0,3,"Palsson, Miss. Stina Viola",False,-1.8392482068747544,3,1,349909,-0.257546054664692,,S,0.17902052178716957
377,1,3,"Landergren, Miss. Aurora Adelia",False,-0.5303766406838785,0,0,C 7077,-0.5189778652472694,,S,0.17902052178716957
378,0,1,"Widener, Mr. Harry Elkins",True,-0.1859367548441742,0,2,113503,3.343405303757537,C82,C,-0.7339841393273954
379,0,3,"Betros, Mr. Tannous",True,-0.6681525950197601,0,0,2648,-0.5801992386115439,,C,-0.7339841393273954
380,0,3,"Gustafsson, Mr. Karl Gideon",True,-0.7370405721877009,0,0,347069,-0.5090500749719817,,S,-0.7339841393273954
381,1,1,"Bidois, Miss. Rosalie",False,0.8473829026749384,0,0,PC 17757,3.6464392831127483,,C,0.17902052178716957
382,1,3,"Nakid, Miss. Maria (""Mary"")",False,-1.977024161210636,0,2,2653,-0.3583991668079151,,C,0.17902052178716957
383,0,3,"Tikkanen, Mr. Juho",True,0.15850313099553,0,0,STON/O 2. 3101293,-0.5062135634647565,,S,-0.7339841393273954
384,1,1,"Holverson, Mrs. Alexander Oskar (Mary Aline Towner)",False,0.36516706249935255,1,0,113789,0.32724806774154364,,S,1.0920251829017344
386,0,2,"Davies, Mr. Charles Henry",True,-0.8059285493556418,0,0,S.O.C. 14879,0.7338147171104706,,S,-0.7339841393273954
387,0,3,"Goodwin, Master. Sidney Leonard",True,-1.977024161210636,5,2,CA 2144,0.2308066764958912,,S,2.0050298440163
388,1,2,"Buss, Miss. Kate",False,0.43405503966729336,0,0,27849,-0.410244924136975,,S,0.17902052178716957
390,1,2,"Lehmann, Miss. Bertha",False,-0.8748165265235827,0,0,SC 1748,-0.4291550008518088,,C,0.17902052178716957
391,1,1,"Carter, Mr. William Ernest",True,0.43405503966729336,1,2,113760,1.6131332843502428,B96 B98,S,-0.7339841393273954
392,1,3,"Jansson, Mr. Carl Olof",True,-0.5992646178518193,0,0,350034,-0.5086567453763131,,S,-0.7339841393273954
393,0,3,"Gustafsson, Mr. Johan Birger",True,-0.11704877767623337,2,0,3101277,-0.5062135634647565,,S,-0.7339841393273954
394,1,1,"Newell, Miss. Marjorie",False,-0.4614886635159376,1,0,35273,1.4859630184429855,D36,C,0.17902052178716957
395,1,3,"Sandstrom, Mrs. Hjalmar (Agnes Charlotta Bengtsson)",False,-0.3926006863479967,0,2,PP 9549,-0.3402776402920899,G6,S,1.0920251829017344
396,0,3,"Johansson, Mr. Erik",True,-0.5303766406838785,0,0,350052,-0.5086567453763131,,S,-0.7339841393273954
397,0,3,"Olsson, Miss. Elina",False,0.08961515382758917,0,0,350407,-0.5075523968961668,,S,0.17902052178716957
398,0,2,"McKane, Mr. Peter David",True,1.122934811346702,0,0,28403,-0.16441392684413544,,S,-0.7339841393273954
399,0,2,"Pain, Dr. Alfred",True,-0.4614886635159376,0,0,244278,-0.4575201159240595,,S,2.9180345051308647
400,1,2,"Trout, Mrs. William H (Jessie L)",False,-0.11704877767623337,0,0,240929,-0.4168634509871669,,S,1.0920251829017344
401,1,3,"Niskanen, Mr. Juha",True,0.6407189711711159,0,0,STON/O 2. 3101289,-0.5062135634647565,,S,-0.7339841393273954
402,0,3,"Adams, Mr. John",True,-0.25482473201211503,0,0,341826,-0.5038498038754023,,S,-0.7339841393273954
403,0,3,"Jussila, Miss. Mari Aina",False,-0.5992646178518193,1,0,4137,-0.47028441770657237,,S,0.17902052178716957
404,0,3,"Hakkarainen, Mr. Pekka Pietari",True,-0.11704877767623337,1,0,STON/O2. 3101279,-0.3563512054996986,,S,-0.7339841393273954
405,0,3,"Oreskovic, Miss. Marija",False,-0.6681525950197601,0,0,315096,-0.49226738188756664,,S,0.17902052178716957
406,0,2,"Gale, Mr. Shadrach",True,0.2962790853314117,1,0,28664,-0.2589643104183045,,S,-0.7339841393273954
407,0,3,"Widegren, Mr. Carl/Charles Peter",True,1.4673746971864061,0,0,347064,-0.5095228268898525,,S,-0.7339841393273954
408,1,2,"Richards, Master. William Rowe",True,-1.8392482068747544,1,1,29106,-0.3015119830266806,,S,2.0050298440163
409,0,3,"Birkeland, Mr. Hans Martin Monsen",True,-0.5992646178518193,0,0,312992,-0.5090500749719817,,S,-0.7339841393273954
413,1,1,"Minahan, Miss. Daisy E",False,0.22739110816347086,1,0,19928,1.0458309829052286,C78,Q,0.17902052178716957
415,1,3,"Sundman, Mr. Johan Julian",True,0.9851588570108202,0,0,STON/O 2. 3101269,-0.5062135634647565,,S,-0.7339841393273954
417,1,2,"Drew, Mrs. James Vivian (Lulu Thorne Christian)",False,0.2962790853314117,1,1,28220,-0.04149842819771567,,S,1.0920251829017344
418,1,2,"Silven, Miss. Lyyli Karoliina",False,-0.8059285493556418,0,2,250652,-0.410244924136975,,S,0.17902052178716957
419,0,2,"Matthews, Mr. William John",True,0.020727176659648322,0,0,28228,-0.410244924136975,,S,-0.7339841393273954
420,0,3,"Van Impe, Miss. Catharina",False,-1.3570323666991686,0,2,345773,-0.19939756876657802,,S,0.17902052178716957
422,0,3,"Charters, Mr. David",True,-0.5992646178518193,0,0,A/5. 13032,-0.5098386251709902,,Q,-0.7339841393273954
423,0,3,"Zimmerman, Mr. Leo",True,-0.04816080050829252,0,0,315082,-0.5071590673004983,,S,-0.7339841393273954
424,0,3,"Danbom, Mrs. Ernst Gilbert (Anna Sigrid Maria Brogren)",False,-0.11704877767623337,1,1,347080,-0.38377081673620766,,S,1.0920251829017344
425,0,3,"Rosblom, Mr. Viktor Richard",True,-0.8059285493556418,1,1,370129,-0.27385599583123615,,S,-0.7339841393273954
427,1,2,"Clarke, Mrs. Charles V (Ada Maria Winfield)",False,-0.11704877767623337,1,0,2003,-0.16441392684413544,,S,1.0920251829017344
428,1,2,"Phillips, Miss. Kate Florence (""Mrs Kate Louise Phillips Marshall"")",False,-0.7370405721877009,0,0,250655,-0.16441392684413544,,S,0.17902052178716957
430,1,3,"Pickard, Mr. Berk (Berk Trembisky)",True,0.15850313099553,0,0,SOTON/O.Q. 392078,-0.5038498038754023,E10,S,-0.7339841393273954
431,1,1,"Bjornstrom-Steffansson, Mr. Mauritz Hakan",True,-0.11704877767623337,0,0,110564,-0.15401338465097683,C52,S,-0.7339841393273954
433,1,2,"Louch, Mrs. Charles Alexander (Alice Adelaide Slow)",False,0.8473829026749384,1,0,SC/AH 3085,-0.16441392684413544,,S,1.0920251829017344
434,0,3,"Kallio, Mr. Nikolai Erland",True,-0.8748165265235827,0,0,STON/O 2. 3101274,-0.5213416248366236,,S,-0.7339841393273954
435,0,1,"Silvey, Mr. William Baird",True,1.3984867200184652,1,0,13507,0.4009973669293955,E44,S,-0.7339841393273954
436,1,1,"Carter, Miss. Lucile Polk",False,-1.0814804580274051,1,2,113760,1.6131332843502428,B96 B98,S,0.17902052178716957
437,0,3,"Ford, Miss. Doolina Margaret ""Daisy""",False,-0.5992646178518193,2,2,W./C. 6608,-0.006042034357402272,,S,0.17902052178716957
438,1,2,"Richards, Mrs. Sidney (Emily Hocking)",False,-0.3926006863479967,2,3,29106,-0.3015119830266806,,S,1.0920251829017344
439,0,1,"Fortune, Mr. Mark",True,2.362918400369637,1,4,19950,4.317274254571478,C23 C25 C27,S,-0.7339841393273954
440,0,2,"Kvillner, Mr. Johan Henrik Johannesson",True,0.08961515382758917,0,0,C.A. 18723,-0.4575201159240595,,S,-0.7339841393273954
441,1,2,"Hart, Mrs. Benjamin (Esther Ada Bloomfield)",False,1.054046834178761,1,1,F.C.C. 13529,-0.159686407665427,,S,1.0920251829017344
442,0,3,"Hampe, Mr. Leon",True,-0.6681525950197601,0,0,345769,-0.47643019263889336,,S,-0.7339841393273954
443,0,3,"Petterson, Mr. Johan Emil",True,-0.3237127091800559,1,0,347076,-0.5090500749719817,,S,-0.7339841393273954
444,1,2,"Reynaldo, Ms. Encarnacion",False,-0.11704877767623337,0,0,230434,-0.410244924136975,,S,2.9180345051308647
446,1,1,"Dodge, Master. Washington",True,-1.7703602297068137,0,2,33638,0.891870811316066,A34,S,2.0050298440163
447,1,2,"Mellinger, Miss. Madeleine Violet",False,-1.150368435195346,0,1,250644,-0.28732942549055523,,S,0.17902052178716957
448,1,1,"Seward, Mr. Frederic Kimber",True,0.2962790853314117,0,0,113794,-0.15401338465097683,,S,-0.7339841393273954
449,1,3,"Baclini, Miss. Marie Catherine",False,-1.7014722525388728,2,1,2666,-0.29189999103253056,,C,0.17902052178716957
450,1,1,"Peuchen, Major. Arthur Godfrey",True,1.5362626743543468,0,0,113786,-0.0793185816273833,C104,S,2.9180345051308647
451,0,2,"West, Mr. Edwy Arthur",True,0.43405503966729336,1,2,C.A. 34651,-0.13132129259317626,,S,-0.7339841393273954
453,0,1,"Foreman, Mr. Benjamin Laventall",True,0.020727176659648322,0,0,113051,-0.13132129259317626,C111,C,-0.7339841393273954
454,1,1,"Goldenberg, Mr. Samuel L",True,1.3295987428505243,1,0,17453,1.0288913361840806,C92,C,-0.7339841393273954
456,1,3,"Jalsevac, Mr. Ivan",True,-0.04816080050829252,0,0,349240,-0.5067657377048297,,C,-0.7339841393273954
457,0,1,"Millet, Mr. Francis Davis",True,2.431806377537578,0,0,13509,-0.15401338465097683,E38,S,-0.7339841393273954
459,1,2,"Toomey, Miss. Ellen",False,1.3984867200184652,0,0,F.C.C. 13531,-0.4575201159240595,,S,0.17902052178716957
461,1,1,"Anderson, Mr. Harry",True,1.2607107656825836,0,0,19952,-0.15401338465097683,E12,S,-0.7339841393273954
462,0,3,"Morley, Mr. William",True,0.2962790853314117,0,0,364506,-0.5038498038754023,,S,-0.7339841393273954
463,0,1,"Gee, Mr. Arthur H",True,1.1918227885146426,0,0,111320,0.0719620320912872,E63,S,-0.7339841393273954
464,0,2,"Milling, Mr. Jacob Christian",True,1.2607107656825836,0,0,234360,-0.410244924136975,,S,-0.7339841393273954
466,0,3,"Goncalves, Mr. Manuel Estanslas",True,0.571830994003175,0,0,SOTON/O.Q. 3101306,-0.5227598805902361,,S,-0.7339841393273954
468,0,1,"Smart, Mr. John Montgomery",True,1.8118145830261103,0,0,113792,-0.15401338465097683,,S,-0.7339841393273954
470,1,3,"Baclini, Miss. Helene Barbara",False,-1.9942461555026214,2,1,2666,-0.29189999103253056,,C,0.17902052178716957
472,0,3,"Cacic, Mr. Luka",True,0.571830994003175,0,0,315089,-0.49226738188756664,,S,-0.7339841393273954
473,1,2,"West, Mrs. Edwy Arthur (Ada Mary Worth)",False,0.22739110816347086,1,2,C.A. 34651,-0.13132129259317626,,S,1.0920251829017344
474,1,2,"Jerwan, Mrs. Amin S (Marie Marthe Thuillard)",False,-0.4614886635159376,0,0,SC/AH Basle 541,-0.3952738164018411,D,C,1.0920251829017344
475,0,3,"Strandberg, Miss. Ida Sofia",False,-0.5303766406838785,0,0,7553,-0.470048041747637,,S,0.17902052178716957
477,0,2,"Renouf, Mr. Peter Henry",True,0.2962790853314117,1,0,31027,-0.2589643104183045,,S,-0.7339841393273954
478,0,3,"Braund, Mr. Lewis Richard",True,-0.04816080050829252,1,0,3460,-0.5228393029124385,,S,-0.7339841393273954
479,0,3,"Karlsson, Mr. Nils August",True,-0.5303766406838785,0,0,350060,-0.5138570164728924,,S,-0.7339841393273954
480,1,3,"Hirvonen, Miss. Hildur E",False,-1.9081361840426954,0,1,3101298,-0.4237183537962941,,S,0.17902052178716957
481,0,3,"Goodwin, Master. Harold Victor",True,-1.4259203438671093,5,2,CA 2144,0.2308066764958912,,S,2.0050298440163
483,0,3,"Rouse, Mr. Richard Henry",True,1.3984867200184652,0,0,A/5 3594,-0.5038498038754023,,S,-0.7339841393273954
484,1,3,"Turkula, Mrs. (Hedwig)",False,2.294030423201696,0,0,4134,-0.47477556092634543,,S,1.0920251829017344
485,1,1,"Bishop, Mr. Dickinson H",True,-0.3237127091800559,1,0,11967,1.066238737695877,B49,C,-0.7339841393273954
487,1,1,"Hoyt, Mrs. Frederick Maxfield (Jane Anne Forby)",False,0.36516706249935255,1,0,19943,1.0458309829052286,C93,S,1.0920251829017344
488,0,1,"Kent, Mr. Edward Austin",True,1.949590537361992,0,0,11771,-0.09444664299925036,B37,C,-0.7339841393273954
489,0,3,"Somerton, Mr. Francis William",True,0.020727176659648322,0,0,A.5. 18509,-0.5038498038754023,,S,-0.7339841393273954
490,1,3,"Coutts, Master. Eden Leslie ""Neville""",True,-1.4259203438671093,1,1,C.A. 37671,-0.35540570166395696,,S,2.0050298440163
492,0,3,"Windelov, Mr. Einar",True,-0.5992646178518193,0,0,SOTON/OQ 3101317,-0.5189778652472694,,S,-0.7339841393273954
493,0,1,"Molson, Mr. Harry Markland",True,1.7429266058581694,0,0,113787,-0.0793185816273833,C30,S,-0.7339841393273954
494,0,1,"Artagaveytia, Mr. Ramon",True,2.845134240545223,0,0,PC 17609,0.2800522982766614,,C,-0.7339841393273954
495,0,3,"Stanley, Mr. Edward Roland",True,-0.5992646178518193,0,0,A/4 45380,-0.5038498038754023,,S,-0.7339841393273954
497,1,1,"Eustis, Miss. Elizabeth Mussey",False,1.6740386286902287,1,0,36947,0.823953379787069,D20,C,0.17902052178716957
499,0,1,"Allison, Mrs. Hudson J C (Bessie Waldo Daniels)",False,-0.3237127091800559,1,2,113781,2.20974620470325,C22 C26,S,1.0920251829017344
500,0,3,"Svensson, Mr. Olof",True,-0.3926006863479967,0,0,350035,-0.5086567453763131,,S,-0.7339841393273954
501,0,3,"Calic, Mr. Petar",True,-0.8748165265235827,0,0,315086,-0.49226738188756664,,S,-0.7339841393273954
502,0,3,"Canavan, Miss. Mary",False,-0.5992646178518193,0,0,364846,-0.5095228268898525,,Q,0.17902052178716957
504,0,3,"Laitinen, Miss. Kristina Sofia",False,0.5029430168352342,0,0,4135,-0.47477556092634543,,S,0.17902052178716957
505,1,1,"Maioni, Miss. Roberta",False,-0.9437045036915235,0,0,110152,0.9796457144033102,B79,S,0.17902052178716957
506,0,1,"Penasco y Castellana, Mr. Victor de Satode",True,-0.8059285493556418,1,0,PC 17758,1.4032314328155877,C65,C,-0.7339841393273954
507,1,2,"Quick, Mrs. Frederick Charles (Jane Richards)",False,0.22739110816347086,0,2,26360,-0.16441392684413544,,S,1.0920251829017344
509,0,3,"Olsen, Mr. Henry Margido",True,-0.11704877767623337,0,0,C 4001,-0.23012644342818298,,S,-0.7339841393273954
510,1,3,"Lang, Mr. Fang",True,-0.25482473201211503,0,0,1601,0.41226399063609354,,S,-0.7339841393273954
511,1,3,"Daly, Mr. Eugene Patrick",True,-0.04816080050829252,0,0,382651,-0.5095228268898525,,Q,-0.7339841393273954
513,1,1,"McGough, Mr. James Robert",True,0.43405503966729336,0,0,PC 17473,-0.1589772797886207,E25,S,-0.7339841393273954
514,1,1,"Rothschild, Mrs. Martin (Elizabeth L. Barrett)",False,1.6740386286902287,1,0,PC 17603,0.46718263543131383,,C,1.0920251829017344
515,0,3,"Coleff, Mr. Satio",True,-0.3926006863479967,0,0,349209,-0.5143297683907633,,S,-0.7339841393273954
516,0,1,"Walker, Mr. William Anderson",True,1.1918227885146426,0,0,36967,-0.012739983529796384,D46,S,-0.7339841393273954
517,1,2,"Lemore, Mrs. (Amelia Milley)",False,0.2962790853314117,0,0,C.A. 34260,-0.4575201159240595,F33,S,1.0920251829017344
519,1,2,"Angle, Mrs. William A (Florence ""Mary"" Agnes Hughes)",False,0.43405503966729336,1,0,226875,-0.16441392684413544,,S,1.0920251829017344
520,0,3,"Pavlovic, Mr. Stefo",True,0.15850313099553,0,0,349242,-0.5067657377048297,,S,-0.7339841393273954
521,1,1,"Perreault, Miss. Anne",False,0.020727176659648322,0,0,12749,1.1120162514071468,B73,S,0.17902052178716957
522,0,3,"Vovk, Mr. Janko",True,-0.5303766406838785,0,0,349252,-0.5067657377048297,,S,-0.7339841393273954
524,1,1,"Hippach, Mrs. Louis Albert (Ida Sophia Fischer)",False,0.9851588570108202,0,1,111361,0.440315198434878,B18,C,1.0920251829017344
526,0,3,"Farrell, Mr. James",True,0.7440509369230272,0,0,367232,-0.5095228268898525,,Q,-0.7339841393273954
527,1,2,"Ridsdale, Miss. Lucy",False,1.3984867200184652,0,0,W./C. 14258,-0.4575201159240595,,S,0.17902052178716957
529,0,3,"Salonen, Mr. Johan Werner",True,0.6407189711711159,0,0,3101296,-0.5062135634647565,,S,-0.7339841393273954
530,0,2,"Hocking, Mr. Richard George",True,-0.4614886635159376,2,1,29104,-0.4386100392092257,,S,-0.7339841393273954
531,1,2,"Quick, Miss. Phyllis May",False,-1.9081361840426954,1,1,26360,-0.16441392684413544,,S,0.17902052178716957
533,0,3,"Elias, Mr. Joseph Jr",True,-0.8748165265235827,1,1,2690,-0.519371194842938,,C,-0.7339841393273954
535,0,3,"Cacic, Miss. Marija",False,0.020727176659648322,0,0,315084,-0.49226738188756664,,S,0.17902052178716957
536,1,2,"Hart, Miss. Eva Miriam",False,-1.5636962982029912,0,2,F.C.C. 13529,-0.159686407665427,,S,0.17902052178716957
537,0,1,"Butt, Major. Archibald Willingham",True,1.054046834178761,0,0,113050,-0.15401338465097683,B38,S,2.9180345051308647
538,1,1,"LeRoy, Miss. Bertha",False,0.020727176659648322,0,0,PC 17761,1.3564289929463738,,C,0.17902052178716957
540,1,1,"Frolicher, Miss. Hedwig Margaritha",False,-0.5303766406838785,0,2,13568,0.27997287595445913,B39,C,0.17902052178716957
541,1,1,"Crosby, Miss. Harriet R",False,0.43405503966729336,0,2,WE/P 5735,0.6865395253233861,B22,S,0.17902052178716957
542,0,3,"Andersson, Miss. Ingeborg Constanzia",False,-1.4259203438671093,4,2,347082,-0.06466327217338712,,S,0.17902052178716957
543,0,3,"Andersson, Miss. Sigrid Elisabeth",False,-1.2881443895312277,4,2,347082,-0.06466327217338712,,S,0.17902052178716957
544,1,2,"Beane, Mr. Edward",True,0.15850313099553,1,0,2908,-0.16441392684413544,,S,-0.7339841393273954
545,0,1,"Douglas, Mr. Walter Donald",True,1.3984867200184652,1,0,PC 17761,1.3564289929463738,C86,C,-0.7339841393273954
546,0,1,"Nicholson, Mr. Arthur Ernest",True,2.362918400369637,0,0,693,-0.16441392684413544,,S,-0.7339841393273954
547,1,2,"Beane, Mrs. Edward (Ethel Clarke)",False,-0.7370405721877009,1,0,2908,-0.16441392684413544,,S,1.0920251829017344
549,0,3,"Goldsmith, Mr. Frank John",True,0.22739110816347086,1,1,363291,-0.2679465968578506,,S,-0.7339841393273954
550,1,2,"Davies, Master. John Morgan Jr",True,-1.4948083210350502,1,1,C.A. 33112,0.03886939784032803,,S,2.0050298440163
551,1,1,"Thayer, Mr. John Borland Jr",True,-0.8748165265235827,0,2,17421,1.4407357879641176,C70,C,-0.7339841393273954
552,0,2,"Sharp, Mr. Percival James R",True,-0.1859367548441742,0,0,244358,-0.16441392684413544,,S,-0.7339841393273954
554,1,3,"Leeni, Mr. Fahim (""Philip Zenni"")",True,-0.5303766406838785,0,0,2620,-0.5194506171651402,,C,-0.7339841393273954
555,1,3,"Ohman, Miss. Velin",False,-0.5303766406838785,0,0,347085,-0.5090500749719817,,S,0.17902052178716957
556,0,1,"Wright, Mr. George",True,2.225142446033755,0,0,113807,-0.15401338465097683,,S,-0.7339841393273954
557,1,1,"Duff Gordon, Lady. (Lucille Christiana Sutherland) (""Mrs Morgan"")",False,1.2607107656825836,1,0,11755,0.09276311647760442,A16,C,2.9180345051308647
559,1,1,"Taussig, Mrs. Emil (Tillie Mandelbaum)",False,0.6407189711711159,1,1,110413,0.8501116889066986,E67,S,1.0920251829017344
560,1,3,"de Messemaeker, Mrs. Guillaume Joseph (Emma)",False,0.43405503966729336,1,0,345572,-0.32704058659170626,,S,1.0920251829017344
562,0,3,"Sivic, Mr. Husein",True,0.7096069483390568,0,0,349251,-0.5067657377048297,,S,-0.7339841393273954
563,0,2,"Norman, Mr. Robert Douglas",True,-0.11704877767623337,0,0,218629,-0.4007898857795581,,S,-0.7339841393273954
566,0,3,"Davies, Mr. Alfred J",True,-0.3926006863479967,2,0,A/4 48871,-0.19939756876657802,,S,-0.7339841393273954
567,0,3,"Stoytcheff, Mr. Ilia",True,-0.7370405721877009,0,0,349205,-0.5067657377048297,,S,-0.7339841393273954
568,0,3,"Palsson, Mrs. Nils (Alma Cornelia Berglund)",False,-0.04816080050829252,0,4,349909,-0.257546054664692,,S,1.0920251829017344
570,1,3,"Jonsson, Mr. Carl",True,0.15850313099553,0,0,350417,-0.5075523968961668,,S,-0.7339841393273954
571,1,2,"Harris, Mr. George",True,2.225142446033755,0,0,S.W./PP 752,-0.4575201159240595,,S,-0.7339841393273954
572,1,1,"Appleton, Mrs. Edward Dale (Charlotte Lamson)",False,1.6051506515222878,2,0,11769,0.31739969978845817,C101,S,1.0920251829017344
573,1,1,"Flynn, Mr. John Irwin (""Irving"")",True,0.43405503966729336,0,0,PC 17474,-0.15708627211713735,E25,S,-0.7339841393273954
575,0,3,"Rush, Mr. Alfred George John",True,-0.9437045036915235,0,0,A/4. 20589,-0.5038498038754023,,S,-0.7339841393273954
576,0,3,"Patchett, Mr. George",True,-0.7370405721877009,0,0,358585,-0.3818798090647243,,S,-0.7339841393273954
577,1,2,"Garside, Miss. Ethel",False,0.2962790853314117,0,0,243880,-0.410244924136975,,S,0.17902052178716957
578,1,1,"Silvey, Mrs. William Baird (Alice Munger)",False,0.6407189711711159,1,0,13507,0.4009973669293955,E44,S,1.0920251829017344
580,1,3,"Jussila, Mr. Eiriik",True,0.15850313099553,0,0,STON/O 2. 3101286,-0.5062135634647565,,S,-0.7339841393273954
581,1,2,"Christy, Miss. Julie Rachel",False,-0.3237127091800559,1,1,237789,-0.0887736199848002,,S,0.17902052178716957
582,1,1,"Thayer, Mrs. John Borland (Marian Longstreth Morris)",False,0.6407189711711159,1,1,17421,1.4407357879641176,C68,C,1.0920251829017344
583,0,2,"Downton, Mr. William James",True,1.6740386286902287,0,0,28403,-0.16441392684413544,,S,-0.7339841393273954
584,0,1,"Ross, Mr. John Hugo",True,0.43405503966729336,0,0,13049,0.10269090675289215,A10,C,-0.7339841393273954
586,1,1,"Taussig, Miss. Ruth",False,-0.8059285493556418,0,2,110413,0.8501116889066986,E68,S,0.17902052178716957
587,0,2,"Jarvis, Mr. John Denzil",True,1.1918227885146426,0,0,237565,-0.3724247707073074,,S,-0.7339841393273954
588,1,1,"Frolicher-Stehli, Mr. Maxmillian",True,2.087366491697874,1,1,13567,0.8416021543850234,B41,C,-0.7339841393273954
589,0,3,"Gilinski, Mr. Eliezer",True,-0.5303766406838785,0,0,14973,-0.5038498038754023,,S,-0.7339841393273954
591,0,3,"Rintamaki, Mr. Matti",True,0.36516706249935255,0,0,STON/O 2. 3101273,-0.5213416248366236,,S,-0.7339841393273954
592,1,1,"Stephenson, Mrs. Walter Bertram (Martha Eustis)",False,1.5362626743543468,1,0,36947,0.823953379787069,D20,C,1.0920251829017344
593,0,3,"Elsbury, Mr. William James",True,1.1918227885146426,0,0,A/5 3902,-0.5189778652472694,,S,-0.7339841393273954
595,0,2,"Chapman, Mr. John Henry",True,0.5029430168352342,1,0,SC/AH 29037,-0.16441392684413544,,S,-0.7339841393273954
596,0,3,"Van Impe, Mr. Jean Baptiste",True,0.43405503966729336,1,1,345773,-0.19939756876657802,,S,-0.7339841393273954
598,0,3,"Johnson, Mr. Alfred",True,1.3295987428505243,0,0,LINE,-0.6560759214298145,,S,-0.7339841393273954
600,1,1,"Duff Gordon, Sir. Cosmo Edmund (""Mr Morgan"")",True,1.3295987428505243,1,0,PC 17485,0.42045961788430253,A20,C,2.9180345051308647
601,1,2,"Jacobsohn, Mrs. Sidney Samuel (Amy Frances Christy)",False,-0.3926006863479967,2,1,243847,-0.14550385012930164,,S,1.0920251829017344
604,0,3,"Torber, Mr. Ernst William",True,0.9851588570108202,0,0,364511,-0.5038498038754023,,S,-0.7339841393273954
605,1,1,"Homer, Mr. Harry (""Mr E Haven"")",True,0.36516706249935255,0,0,111426,-0.15401338465097683,,C,-0.7339841393273954
606,0,3,"Lindell, Mr. Edvard Bengtsson",True,0.43405503966729336,1,0,349910,-0.3620242285141488,,S,-0.7339841393273954
607,0,3,"Karaic, Mr. Milan",True,0.020727176659648322,0,0,349246,-0.5067657377048297,,S,-0.7339841393273954
608,1,1,"Daniel, Mr. Robert Williams",True,-0.1859367548441742,0,0,113804,-0.0793185816273833,,S,-0.7339841393273954
609,1,2,"Laroche, Mrs. Joseph (Juliette Marie Louise Lafargue)",False,-0.5303766406838785,1,2,SC/Paris 2123,0.13018994031160347,,C,1.0920251829017344
610,1,1,"Shutes, Miss. Elizabeth W",False,0.7096069483390568,0,0,PC 17582,2.245911726420369,C125,S,0.17902052178716957
611,0,3,"Andersson, Mrs. Anders Johan (Alfrida Konstantia Brogren)",False,0.6407189711711159,1,5,347082,-0.06466327217338712,,S,1.0920251829017344
615,0,3,"Brocklebank, Mr. William Alfred",True,0.36516706249935255,0,0,364512,-0.5038498038754023,,S,-0.7339841393273954
616,1,2,"Herman, Miss. Alice",False,-0.3926006863479967,1,2,220845,0.5730790650343832,,S,0.17902052178716957
617,0,3,"Danbom, Mr. Ernst Gilbert",True,0.2962790853314117,1,1,347080,-0.38377081673620766,,S,-0.7339841393273954
618,0,3,"Lobb, Mrs. William Arthur (Cordelia K Stanlick)",False,-0.25482473201211503,1,0,A/5. 3336,-0.35162368632099017,,S,1.0920251829017344
619,1,2,"Becker, Miss. Marion Louise",False,-1.7703602297068137,2,1,230136,0.08141707044870411,F4,S,0.17902052178716957
620,0,2,"Gavey, Mr. Lawrence",True,-0.25482473201211503,0,0,31028,-0.4575201159240595,,S,-0.7339841393273954
621,0,3,"Yasbeck, Mr. Antoni",True,-0.1859367548441742,1,0,2659,-0.3827458905782637,,C,-0.7339841393273954
622,1,1,"Kimball, Mr. Edwin Nelson Jr",True,0.8473829026749384,1,0,11753,0.33772803225690456,D19,S,-0.7339841393273954
623,1,3,"Nakid, Mr. Sahid",True,-0.6681525950197601,1,1,2653,-0.3583991668079151,,C,-0.7339841393273954
624,0,3,"Hansen, Mr. Henry Damsgaard",True,-0.5992646178518193,0,0,350029,-0.5075523968961668,,S,-0.7339841393273954
625,0,3,"Bowen, Mr. David John ""Dai""",True,-0.5992646178518193,0,0,54636,-0.35162368632099017,,S,-0.7339841393273954
626,0,1,"Sutton, Mr. Frederick",True,2.1562544688658143,0,0,36963,-0.04488711394501392,D50,S,-0.7339841393273954
627,0,2,"Kirkland, Rev. Charles Leonard",True,1.880702560194051,0,0,219533,-0.4225364740016169,,Q,2.9180345051308647
628,1,1,"Longley, Miss. Gretchen Fiske",False,-0.5992646178518193,0,0,13502,0.818121512128214,D9,S,0.17902052178716957
629,0,3,"Bostandyeff, Mr. Guentcho",True,-0.25482473201211503,0,0,349224,-0.5067657377048297,,S,-0.7339841393273954
631,1,1,"Barkworth, Mr. Algernon Henry Wilson",True,3.4651260350566906,0,0,27042,-0.0887736199848002,A23,S,-0.7339841393273954
632,0,3,"Lundahl, Mr. Johan Svensson",True,1.4673746971864061,0,0,347743,-0.5226804582680339,,S,-0.7339841393273954
633,1,1,"Stahelin-Maeglin, Dr. Max",True,0.15850313099553,0,0,13214,-0.0793185816273833,B50,C,2.9180345051308647
635,0,3,"Skoog, Miss. Mabel",False,-1.4259203438671093,3,2,347088,-0.12848478108595124,,S,0.17902052178716957
636,1,2,"Davis, Miss. Mary",False,-0.11704877767623337,0,0,237668,-0.410244924136975,,S,0.17902052178716957
637,0,3,"Leinonen, Mr. Antti Gustaf",True,0.15850313099553,0,0,STON/O 2. 3101292,-0.5062135634647565,,S,-0.7339841393273954
638,0,2,"Collyer, Mr. Harvey",True,0.08961515382758917,1,1,C.A. 31921,-0.159686407665427,,S,-0.7339841393273954
639,0,3,"Panula, Mrs. Juha (Maria Emilia Ojala)",False,0.7784949255069976,0,5,3101295,0.09441774819015235,,S,1.0920251829017344
641,0,3,"Jensen, Mr. Hans Peder",True,-0.6681525950197601,0,0,350050,-0.5075523968961668,,S,-0.7339841393273954
642,1,1,"Sagesser, Mlle. Emma",False,-0.3926006863479967,0,0,PC 17477,0.6543923949081686,B35,C,2.9180345051308647
643,0,3,"Skoog, Miss. Margit Elizabeth",False,-1.9081361840426954,3,2,347088,-0.12848478108595124,,S,0.17902052178716957
645,1,3,"Baclini, Miss. Eugenie",False,-1.9942461555026214,2,1,2666,-0.29189999103253056,,C,0.17902052178716957
646,1,1,"Harper, Mr. Henry Sleeper",True,1.2607107656825836,1,0,PC 17572,0.794879136838012,D33,C,-0.7339841393273954
647,0,3,"Cor, Mr. Liudevit",True,-0.7370405721877009,0,0,349231,-0.5067657377048297,,S,-0.7339841393273954
648,1,1,"Simonius-Blumer, Col. Oberst Alfons",True,1.8118145830261103,0,0,13213,0.015231801946785766,A26,C,2.9180345051308647
650,1,3,"Stanley, Miss. Amy Zillah Elsie",False,-0.4614886635159376,0,0,CA. 2314,-0.5133048422328192,,S,0.17902052178716957
652,1,2,"Doling, Miss. Elsie",False,-0.8059285493556418,0,1,231919,-0.22114415698863688,,S,0.17902052178716957
653,0,3,"Kalvik, Mr. Johannes Halvorsen",True,-0.5992646178518193,0,0,8475,-0.4966015714706066,,S,-0.7339841393273954
655,0,3,"Hegarty, Miss. Hanora ""Nora""",False,-0.8059285493556418,0,0,365226,-0.5284329036046863,,Q,0.17902052178716957
656,0,2,"Hickman, Mr. Leonard Mark",True,-0.3926006863479967,2,0,S.O.C. 14879,0.7338147171104706,,S,-0.7339841393273954
658,0,3,"Bourke, Mrs. John (Catherine)",False,0.15850313099553,1,1,364849,-0.3629697323498905,,Q,1.0920251829017344
659,0,2,"Eitemiller, Mr. George Floyd",True,-0.4614886635159376,0,0,29751,-0.410244924136975,,S,-0.7339841393273954
660,0,1,"Newell, Mr. Arthur Webster",True,1.949590537361992,0,2,35273,1.4859630184429855,D48,C,-0.7339841393273954
661,1,1,"Frauenthal, Dr. Henry William",True,1.3984867200184652,2,0,PC 17611,1.8712558315077246,,S,2.9180345051308647
662,0,3,"Badt, Mr. Mohamed",True,0.7096069483390568,0,0,2623,-0.5194506171651402,,C,-0.7339841393273954
663,0,1,"Colley, Mr. Edward Pomeroy",True,1.1918227885146426,0,0,5727,-0.17221433348900442,E58,S,-0.7339841393273954
664,0,3,"Coleff, Mr. Peju",True,0.43405503966729336,0,0,349210,-0.5143297683907633,,S,-0.7339841393273954
665,1,3,"Lindqvist, Mr. Eino William",True,-0.6681525950197601,1,0,STON/O 2. 3101285,-0.5062135634647565,,S,-0.7339841393273954
666,0,2,"Hickman, Mr. Lewis",True,0.15850313099553,2,0,S.O.C. 14879,0.7338147171104706,,S,-0.7339841393273954
667,0,2,"Butler, Mr. Reginald Fenton",True,-0.3237127091800559,0,0,234686,-0.410244924136975,,S,-0.7339841393273954
669,0,3,"Cook, Mr. Jacob",True,0.9162708798428792,0,0,A/5 3536,-0.5038498038754023,,S,-0.7339841393273954
671,1,2,"Brown, Mrs. Thomas William Solomon (Elizabeth Catherine Ford)",False,0.7096069483390568,1,1,29750,0.08141707044870411,,S,1.0920251829017344
672,0,1,"Davidson, Mr. Thornton",True,0.08961515382758917,1,0,F.C. 12750,0.32724806774154364,B71,S,-0.7339841393273954
673,0,2,"Mitchell, Mr. Henry Michael",True,2.776246263377282,0,0,C.A. 24580,-0.4575201159240595,,S,-0.7339841393273954
674,1,2,"Wilhelms, Mr. Charles",True,0.08961515382758917,0,0,244270,-0.410244924136975,,S,-0.7339841393273954
676,0,3,"Edvardsson, Mr. Gustaf Hjalmar",True,-0.8059285493556418,0,0,349912,-0.5090500749719817,,S,-0.7339841393273954
677,0,3,"Sawyer, Mr. Frederick Charles",True,-0.3581566977640263,0,0,342826,-0.5038498038754023,,S,-0.7339841393273954
678,1,3,"Turja, Miss. Anna Sofia",False,-0.8059285493556418,0,0,4138,-0.4699686194254346,,S,0.17902052178716957
679,0,3,"Goodwin, Mrs. Frederick (Augusta Tyler)",False,0.9162708798428792,1,6,CA 2144,0.2308066764958912,,S,1.0920251829017344
680,1,1,"Cardeza, Mr. Thomas Drake Martinez",True,0.43405503966729336,0,1,PC 17755,9.03210855381962,B51 B53 B55,C,-0.7339841393273954
682,1,1,"Hassab, Mr. Hammad",True,-0.1859367548441742,0,0,PC 17572,0.794879136838012,D49,C,-0.7339841393273954
683,0,3,"Olsvigen, Mr. Thor Anderson",True,-0.6681525950197601,0,0,6563,-0.48163046373547264,,S,-0.7339841393273954
684,0,3,"Goodwin, Mr. Charles Edward",True,-1.0814804580274051,5,2,CA 2144,0.2308066764958912,,S,-0.7339841393273954
685,0,2,"Brown, Mr. Thomas William Solomon",True,2.087366491697874,1,1,29750,0.08141707044870411,,S,-0.7339841393273954
686,0,2,"Laroche, Mr. Joseph Philippe Lemercier",True,-0.3237127091800559,1,2,SC/Paris 2123,0.13018994031160347,,C,-0.7339841393273954
687,0,3,"Panula, Mr. Jaako Arnold",True,-1.0814804580274051,4,1,3101295,0.09441774819015235,,S,-0.7339841393273954
688,0,3,"Dakic, Mr. Branko",True,-0.7370405721877009,0,0,349228,-0.4637453131785828,,S,-0.7339841393273954
689,0,3,"Fischer, Mr. Eberhard Thelander",True,-0.8059285493556418,0,0,350036,-0.5086567453763131,,S,-0.7339841393273954
690,1,1,"Madill, Miss. Georgette Alexandra",False,-1.0125924808594644,0,1,24160,3.340332416291376,B5,S,0.17902052178716957
691,1,1,"Dick, Mr. Albert Adrian",True,0.08961515382758917,1,0,17474,0.4217984513157127,B20,S,-0.7339841393273954
692,1,3,"Karun, Miss. Manca",False,-1.7703602297068137,0,1,349256,-0.40236509516990376,,C,0.17902052178716957
694,0,3,"Saad, Mr. Khalil",True,-0.3237127091800559,0,0,2672,-0.5194506171651402,,C,-0.7339841393273954
695,0,1,"Weir, Col. John",True,2.087366491697874,0,0,113800,-0.15401338465097683,,S,2.9180345051308647
696,0,2,"Chapman, Mr. Charles Henry",True,1.5362626743543468,0,0,248731,-0.4007898857795581,,S,-0.7339841393273954
697,0,3,"Kelly, Mr. James",True,0.9851588570108202,0,0,363592,-0.5038498038754023,,S,-0.7339841393273954
699,0,1,"Thayer, Mr. John Borland",True,1.3295987428505243,1,1,17421,1.4407357879641176,C68,C,-0.7339841393273954
700,0,3,"Humblen, Mr. Adolf Mathias Nicolai Olsen",True,0.8473829026749384,0,0,348121,-0.5114138345613359,F G63,S,-0.7339841393273954
701,1,1,"Astor, Mrs. John Jacob (Madeleine Talmadge Force)",False,-0.8059285493556418,1,0,PC 17757,3.6464392831127483,C62 C64,C,1.0920251829017344
702,1,1,"Silverthorne, Mr. Spencer Victor",True,0.36516706249935255,0,0,PC 17475,-0.1589772797886207,E24,S,-0.7339841393273954
703,0,3,"Barbara, Miss. Saiide",False,-0.8059285493556418,0,1,2691,-0.3827458905782637,,C,0.17902052178716957
704,0,3,"Gallagher, Mr. Martin",True,-0.3237127091800559,0,0,36864,-0.5096797805265856,,Q,-0.7339841393273954
705,0,3,"Hansen, Mr. Henrik Juul",True,-0.25482473201211503,1,0,350025,-0.5075523968961668,,S,-0.7339841393273954
706,0,2,"Morley, Mr. Henry Samuel (""Mr Henry Marshall"")",True,0.6407189711711159,0,0,250655,-0.16441392684413544,,S,-0.7339841393273954
707,1,2,"Kelly, Mrs. Florence ""Fannie""",False,1.054046834178761,0,0,223596,-0.4007898857795581,,S,1.0920251829017344
708,1,1,"Calderhead, Mr. Edward Pennington",True,0.8473829026749384,0,0,PC 17476,-0.1589772797886207,E24,S,-0.7339841393273954
709,1,1,"Cleaver, Miss. Alice",False,-0.5303766406838785,0,0,113781,2.20974620470325,,S,0.17902052178716957
711,1,1,"Mayne, Mlle. Berthe Antonine (""Mrs de Villiers"")",False,-0.3926006863479967,0,0,PC 17482,0.2800522982766614,C90,C,2.9180345051308647
713,1,1,"Taylor, Mr. Elmer Zebley",True,1.2607107656825836,1,0,19996,0.32724806774154364,C126,S,-0.7339841393273954
714,0,3,"Larsson, Mr. August Viktor",True,-0.04816080050829252,0,0,7545,-0.47674599092003106,,S,-0.7339841393273954
715,0,2,"Greenberg, Mr. Samuel",True,1.5362626743543468,0,0,250647,-0.410244924136975,,S,-0.7339841393273954
716,0,3,"Soholt, Mr. Peter Andreas Lauritz Andersen",True,-0.7370405721877009,0,0,348124,-0.5114138345613359,F G73,S,-0.7339841393273954
717,1,1,"Endres, Miss. Caroline Louise",False,0.571830994003175,0,0,PC 17757,3.6464392831127483,C45,C,0.17902052178716957
718,1,2,"Troutt, Miss. Edwina Celia ""Winnie""",False,-0.1859367548441742,0,0,34218,-0.4575201159240595,E101,S,0.17902052178716957
720,0,3,"Johnson, Mr. Malkolm Joackim",True,0.22739110816347086,0,0,347062,-0.5090500749719817,,S,-0.7339841393273954
721,1,2,"Harper, Miss. Annie Jessie ""Nina""",False,-1.6325842753709319,0,1,248727,-0.03204338984029876,,S,0.17902052178716957
722,0,3,"Jensen, Mr. Svend Lauritz",True,-0.8748165265235827,1,0,350048,-0.5226804582680339,,S,-0.7339841393273954
723,0,2,"Gillespie, Mr. William Henry",True,0.2962790853314117,0,0,12233,-0.410244924136975,,S,-0.7339841393273954
724,0,2,"Hodges, Mr. Henry Price",True,1.3984867200184652,0,0,250643,-0.410244924136975,,S,-0.7339841393273954
725,1,1,"Chambers, Mr. Norman Campbell",True,-0.1859367548441742,1,0,113806,0.34804915212786086,E8,S,-0.7339841393273954
726,0,3,"Oreskovic, Mr. Luka",True,-0.6681525950197601,0,0,315094,-0.49226738188756664,,S,-0.7339841393273954
727,1,2,"Renouf, Mrs. Peter Henry (Lillian Jefferys)",False,0.020727176659648322,3,0,31027,-0.2589643104183045,,S,1.0920251829017344
729,0,2,"Bryhl, Mr. Kurt Arnold Gottfrid",True,-0.3237127091800559,1,0,236853,-0.16441392684413544,,S,-0.7339841393273954
730,0,3,"Ilmakangas, Miss. Pieta Sofia",False,-0.3237127091800559,1,0,STON/O2. 3101271,-0.5062135634647565,,S,0.17902052178716957
731,1,1,"Allen, Miss. Elisabeth Walton",False,-0.04816080050829252,0,0,24160,3.340332416291376,B5,S,0.17902052178716957
732,0,3,"Hassan, Mr. Houssein G N",True,-1.2881443895312277,0,0,2699,-0.30080285514987426,,C,-0.7339841393273954
734,0,2,"Berriman, Mr. William John",True,-0.4614886635159376,0,0,28425,-0.410244924136975,,S,-0.7339841393273954
735,0,2,"Troupiansky, Mr. Moses Aaron",True,-0.4614886635159376,0,0,233639,-0.410244924136975,,S,-0.7339841393273954
736,0,3,"Williams, Mr. Leslie",True,-0.08260478909226295,0,0,54636,-0.35162368632099017,,S,-0.7339841393273954
737,0,3,"Ford, Mrs. Edward (Margaret Ann Watson)",False,1.2607107656825836,1,3,W./C. 6608,-0.006042034357402272,,S,1.0920251829017344
738,1,1,"Lesurer, Mr. Gustave J",True,0.36516706249935255,0,0,PC 17755,9.03210855381962,B101,C,-0.7339841393273954
742,0,1,"Cavendish, Mr. Tyrell William",True,0.43405503966729336,1,0,19877,0.8349836275348314,C46,S,-0.7339841393273954
743,1,1,"Ryerson, Miss. Susan Parker ""Suzette""",False,-0.5992646178518193,2,2,PC 17608,4.305455456624707,B57 B59 B63 B66,C,0.17902052178716957
744,0,3,"McNamee, Mr. Neal",True,-0.3926006863479967,1,0,376566,-0.35162368632099017,,S,-0.7339841393273954
745,1,3,"Stranden, Mr. Juho",True,0.08961515382758917,0,0,STON/O 2. 3101288,-0.5062135634647565,,S,-0.7339841393273954
746,0,1,"Crosby, Capt. Edward Gifford",True,2.776246263377282,1,1,WE/P 5735,0.6865395253233861,B22,S,2.9180345051308647
747,0,3,"Abbott, Mr. Rossmore Edward",True,-0.9437045036915235,1,1,C.A. 2673,-0.2731468679544299,,S,-0.7339841393273954
748,1,2,"Sinkkonen, Miss. Anna",False,0.020727176659648322,0,0,250648,-0.410244924136975,,S,0.17902052178716957
749,0,1,"Marvin, Mr. Daniel Warner",True,-0.7370405721877009,1,0,113773,0.34804915212786086,D30,S,-0.7339841393273954
750,0,3,"Connaghton, Mr. Michael",True,0.08961515382758917,0,0,335097,-0.5095228268898525,,Q,-0.7339841393273954
751,1,2,"Wells, Miss. Joan",False,-1.7703602297068137,1,1,29103,-0.22114415698863688,,S,0.17902052178716957
752,1,3,"Moor, Master. Meier",True,-1.6325842753709319,0,1,392096,-0.4201727144122627,E121,S,2.0050298440163
753,0,3,"Vande Velde, Mr. Johannes Joseph",True,0.22739110816347086,0,0,345780,-0.47643019263889336,,S,-0.7339841393273954
754,0,3,"Jonkoff, Mr. Lalio",True,-0.4614886635159376,0,0,349204,-0.5067657377048297,,S,-0.7339841393273954
755,1,2,"Herman, Mrs. Samuel (Jane Laver)",False,1.2607107656825836,1,2,220845,0.5730790650343832,,S,1.0920251829017344
756,1,2,"Hamalainen, Master. Viljo",True,-1.9997571936760565,1,1,250649,-0.3818798090647243,,S,2.0050298440163
757,0,3,"Carlsson, Mr. August Sigfrid",True,-0.11704877767623337,0,0,350042,-0.5086567453763131,,S,-0.7339841393273954
758,0,2,"Bailey, Mr. Percy Andrew",True,-0.8059285493556418,0,0,29108,-0.4386100392092257,,S,-0.7339841393273954
759,0,3,"Theobald, Mr. Thomas Leonard",True,0.2962790853314117,0,0,363294,-0.5038498038754023,,S,-0.7339841393273954
760,1,1,"Rothes, the Countess. of (Lucy Noel Martha Dyer-Edwards)",False,0.22739110816347086,0,0,110152,0.9796457144033102,B77,S,2.9180345051308647
762,0,3,"Nirva, Mr. Iisakki Antino Aijo",True,0.7784949255069976,0,0,SOTON/O2 3101272,-0.5213416248366236,,S,-0.7339841393273954
763,1,3,"Barah, Mr. Hanna Assi",True,-0.6681525950197601,0,0,2663,-0.519371194842938,,C,-0.7339841393273954
764,1,1,"Carter, Mrs. William Ernest (Lucile Polk)",False,0.43405503966729336,1,2,113760,1.6131332843502428,B96 B98,S,1.0920251829017344
765,0,3,"Eklund, Mr. Hans Linus",True,-0.9437045036915235,0,0,347074,-0.5090500749719817,,S,-0.7339841393273954
766,1,1,"Hogeboom, Mrs. John C (Anna Andrews)",False,1.4673746971864061,1,0,13502,0.818121512128214,D11,S,1.0920251829017344
768,0,3,"Mangan, Miss. Mary",False,0.055171165243618744,0,0,364850,-0.5095228268898525,,Q,0.17902052178716957
770,0,3,"Gronnestad, Mr. Daniel Danielsen",True,0.15850313099553,0,0,8471,-0.4979404049020168,,S,-0.7339841393273954
771,0,3,"Lievens, Mr. Rene Aime",True,-0.3926006863479967,0,0,345781,-0.47643019263889336,,S,-0.7339841393273954
772,0,3,"Jensen, Mr. Niels Peder",True,1.2607107656825836,0,0,350047,-0.5075523968961668,,S,-0.7339841393273954
773,0,2,"Mack, Mrs. (Mary)",False,1.880702560194051,0,0,S.O./P.P. 3,-0.4575201159240595,E77,S,1.0920251829017344
775,1,2,"Hocking, Mrs. Elizabeth (Eliza Needs)",False,1.6740386286902287,1,3,29105,-0.22114415698863688,,S,1.0920251829017344
776,0,3,"Myhrman, Mr. Pehr Fabian Oliver Malkolm",True,-0.8059285493556418,0,0,347078,-0.5095228268898525,,S,-0.7339841393273954
778,1,3,"Emanuel, Miss. Virginia Ethel",False,-1.7014722525388728,0,0,364516,-0.4201727144122627,,S,0.17902052178716957
780,1,1,"Robert, Mrs. Edward Scott (Elisabeth Walton McMillan)",False,0.9162708798428792,0,1,24160,3.340332416291376,B3,S,1.0920251829017344
781,1,3,"Ayoub, Miss. Banoura",False,-1.150368435195346,0,0,2687,-0.519371194842938,,C,0.17902052178716957
782,1,1,"Dick, Mrs. Albert Adrian (Vera Gillespie)",False,-0.8748165265235827,1,0,17474,0.4217984513157127,B20,S,1.0920251829017344
783,0,1,"Long, Mr. Milton Clyde",True,-0.04816080050829252,0,0,113501,-0.0887736199848002,D6,S,-0.7339841393273954
785,0,3,"Ali, Mr. William",True,-0.3237127091800559,0,0,SOTON/O.Q. 3101312,-0.5227598805902361,,S,-0.7339841393273954
786,0,3,"Harmer, Mr. Abraham (David Lishin)",True,-0.3237127091800559,0,0,374887,-0.5189778652472694,,S,-0.7339841393273954
787,1,3,"Sjoblom, Miss. Anna Sofia",False,-0.8059285493556418,0,0,3101265,-0.5143297683907633,,S,0.17902052178716957
788,0,3,"Rice, Master. George Hugh",True,-1.4948083210350502,4,1,382652,-0.10531993711027979,,Q,2.0050298440163
789,1,3,"Dean, Master. Bertram Vere",True,-1.977024161210636,1,2,C.A. 2315,-0.2670010930221089,,S,2.0050298440163
790,0,1,"Guggenheim, Mr. Benjamin",True,1.122934811346702,0,0,PC 17593,0.8416021543850234,B82 B84,C,-0.7339841393273954
792,0,2,"Gaskell, Mr. Alfred",True,-0.9437045036915235,0,0,239865,-0.16441392684413544,,S,-0.7339841393273954
795,0,3,"Dantcheff, Mr. Ristiu",True,-0.3237127091800559,0,0,349203,-0.5067657377048297,,S,-0.7339841393273954
796,0,2,"Otter, Mr. Richard",True,0.6407189711711159,0,0,28213,-0.410244924136975,,S,-0.7339841393273954
797,1,1,"Leader, Dr. Alice (Farnham)",False,1.3295987428505243,0,0,17465,-0.16575276027554564,D17,S,2.9180345051308647
798,1,3,"Osman, Mrs. Mara",False,0.08961515382758917,0,0,349244,-0.4918740522918981,,S,1.0920251829017344
799,0,3,"Ibrahim Shawah, Mr. Yousseff",True,0.020727176659648322,0,0,2685,-0.519371194842938,,C,-0.7339841393273954
800,0,3,"Van Impe, Mrs. Jean Baptiste (Rosalie Paula Govaert)",False,0.020727176659648322,1,1,345773,-0.19939756876657802,,S,1.0920251829017344
801,0,2,"Ponesell, Mr. Martin",True,0.2962790853314117,0,0,250647,-0.410244924136975,,S,-0.7339841393273954
802,1,2,"Collyer, Mrs. Harvey (Charlotte Annie Tate)",False,0.08961515382758917,1,1,C.A. 31921,-0.159686407665427,,S,1.0920251829017344
803,1,1,"Carter, Master. William Thornton II",True,-1.2881443895312277,1,2,113760,1.6131332843502428,B96 B98,S,2.0050298440163
804,1,3,"Thomas, Master. Assad Alexander",True,-2.0169791879680417,0,1,2625,-0.4950244710725894,,C,2.0050298440163
805,1,3,"Hedman, Mr. Oskar Arvid",True,-0.1859367548441742,0,0,347089,-0.5241781363438487,,S,-0.7339841393273954
806,0,3,"Johansson, Mr. Karl Johan",True,0.08961515382758917,0,0,347063,-0.5090500749719817,,S,-0.7339841393273954
807,0,1,"Andrews, Mr. Thomas Jr",True,0.6407189711711159,0,0,112050,-0.6560759214298145,A36,S,-0.7339841393273954
808,0,3,"Pettersson, Miss. Ellen Natalia",False,-0.8059285493556418,0,0,347087,-0.5090500749719817,,S,0.17902052178716957
809,0,2,"Meyer, Mr. August",True,0.6407189711711159,0,0,248723,-0.410244924136975,,S,-0.7339841393273954
810,1,1,"Chambers, Mrs. Norman Campbell (Bertha Griggs)",False,0.22739110816347086,1,0,113806,0.34804915212786086,E8,S,1.0920251829017344
811,0,3,"Alexander, Mr. William",True,-0.25482473201211503,0,0,3474,-0.5069226913415629,,S,-0.7339841393273954
812,0,3,"Lester, Mr. James",True,0.6407189711711159,0,0,A/4 48871,-0.19939756876657802,,S,-0.7339841393273954
813,0,2,"Slemen, Mr. Richard James",True,0.36516706249935255,0,0,28206,-0.4575201159240595,,S,-0.7339841393273954
814,0,3,"Andersson, Miss. Ebba Iris Alfrida",False,-1.6325842753709319,4,2,347082,-0.06466327217338712,,S,0.17902052178716957
815,0,3,"Tomlin, Mr. Ernest Portage",True,0.055171165243618744,0,0,364499,-0.5038498038754023,,S,-0.7339841393273954
817,0,3,"Heininen, Miss. Wendla Maria",False,-0.4614886635159376,0,0,STON/O2. 3101290,-0.5062135634647565,,S,0.17902052178716957
818,0,2,"Mallet, Mr. Albert",True,0.08961515382758917,1,1,S.C./PARIS 2079,0.04367633934123873,,C,-0.7339841393273954
819,0,3,"Holm, Mr. John Fredrik Alexander",True,0.9162708798428792,0,0,C 7075,-0.5341059266191365,,S,-0.7339841393273954
820,0,3,"Skoog, Master. Karl Thorsten",True,-1.3570323666991686,3,2,347088,-0.12848478108595124,,S,2.0050298440163
821,1,1,"Hays, Mrs. Charles Melville (Clara Jennings Gregg)",False,1.5362626743543468,1,1,12749,1.1120162514071468,B69,S,1.0920251829017344
822,1,3,"Lulic, Mr. Nikola",True,-0.1859367548441742,0,0,315098,-0.49226738188756664,,S,-0.7339841393273954
823,0,1,"Reuchlin, Jonkheer. John George",True,0.571830994003175,0,0,19972,-0.6560759214298145,,S,2.9180345051308647
824,1,3,"Moor, Mrs. (Beila)",False,-0.1859367548441742,0,1,392096,-0.4201727144122627,E121,S,1.0920251829017344
825,0,3,"Panula, Master. Urho Abraham",True,-1.9081361840426954,4,1,3101295,0.09441774819015235,,S,2.0050298440163
828,1,2,"Mallet, Master. Andre",True,-1.977024161210636,0,2,S.C./PARIS 2079,0.04367633934123873,,C,2.0050298440163
830,1,1,"Stone, Mrs. George Nelson (Martha Evelyn)",False,2.225142446033755,0,0,113572,0.8567302157568903,B28,,1.0920251829017344
831,1,3,"Yasbeck, Mrs. Antoni (Selini Alexander)",False,-1.0125924808594644,1,0,2659,-0.3827458905782637,,C,1.0920251829017344
832,1,2,"Richards, Master. George Sibley",True,-1.9887351173291863,1,1,29106,-0.3015119830266806,,S,2.0050298440163
834,0,3,"Augustsson, Mr. Albert",True,-0.4614886635159376,0,0,347468,-0.5075523968961668,,S,-0.7339841393273954
835,0,3,"Allum, Mr. Owen George",True,-0.8059285493556418,0,0,2223,-0.4991222846966939,,S,-0.7339841393273954
836,1,1,"Compton, Miss. Sara Rebecca",False,0.6407189711711159,1,1,PC 17756,0.91645391104535,E49,C,0.17902052178716957
837,0,3,"Pasic, Mr. Jakob",True,-0.5992646178518193,0,0,315097,-0.49226738188756664,,S,-0.7339841393273954
839,1,3,"Chip, Mr. Chang",True,0.15850313099553,0,0,1601,0.41226399063609354,,S,-0.7339841393273954
841,0,3,"Alhomaki, Mr. Ilmari Rudolf",True,-0.6681525950197601,0,0,SOTON/O2 3101287,-0.5062135634647565,,S,-0.7339841393273954
842,0,2,"Mudd, Mr. Thomas Charles",True,-0.9437045036915235,0,0,S.O./P.P. 3,-0.4575201159240595,,S,-0.7339841393273954
843,1,1,"Serepeca, Miss. Augusta",False,0.020727176659648322,0,0,113798,-0.06986354326996638,,C,0.17902052178716957
844,0,3,"Lemberopolous, Mr. Peter L",True,0.33072307391538214,0,0,2683,-0.5343423025780719,,C,-0.7339841393273954
845,0,3,"Culumovic, Mr. Jeso",True,-0.8748165265235827,0,0,315090,-0.49226738188756664,,S,-0.7339841393273954
846,0,3,"Abbing, Mr. Anthony",True,0.8473829026749384,0,0,C.A. 5547,-0.5133048422328192,,S,-0.7339841393273954
848,0,3,"Markoff, Mr. Marin",True,0.36516706249935255,0,0,349213,-0.5067657377048297,,C,-0.7339841393273954
849,0,2,"Harper, Rev. John",True,-0.11704877767623337,0,1,248727,-0.03204338984029876,,S,2.9180345051308647
851,0,3,"Andersson, Master. Sigvard Harald Elias",True,-1.7703602297068137,4,2,347082,-0.06466327217338712,,S,2.0050298440163
852,0,3,"Svensson, Mr. Johan",True,3.0517981720490455,0,0,347060,-0.5090500749719817,,S,-0.7339841393273954
853,0,3,"Boulos, Miss. Nourelain",False,-1.4259203438671093,1,1,2678,-0.36777667385080126,,C,0.17902052178716957
854,1,1,"Lines, Miss. Mary Conover",False,-0.9437045036915235,0,1,PC 17592,0.0889811011346376,D28,S,0.17902052178716957
855,0,2,"Carter, Mrs. Ernest Courtenay (Lilian Hughes)",False,0.9851588570108202,1,0,244252,-0.16441392684413544,,S,1.0920251829017344
856,1,3,"Aks, Mrs. Sam (Leah Rosen)",False,-0.8059285493556418,0,1,392091,-0.4792667041461184,,S,1.0920251829017344
857,1,1,"Wick, Mrs. George Dennick (Mary Hitchcock)",False,1.054046834178761,1,1,36928,2.461566023291677,,S,1.0920251829017344
858,1,1,"Daly, Mr. Peter Denis ",True,1.4673746971864061,0,0,113055,-0.15401338465097683,E17,S,-0.7339841393273954
859,1,3,"Baclini, Mrs. Solomon (Latifa Qurban)",False,-0.3926006863479967,0,3,2666,-0.29189999103253056,,C,1.0920251829017344
861,0,3,"Hansen, Mr. Claus Peter",True,0.7784949255069976,2,0,350026,-0.3892868861139247,,S,-0.7339841393273954
862,0,2,"Giles, Mr. Frederick Edward",True,-0.5992646178518193,1,0,28134,-0.4386100392092257,,S,-0.7339841393273954
863,1,1,"Swift, Mrs. Frederick Joel (Margaret Welles Barron)",False,1.2607107656825836,0,0,17466,-0.16575276027554564,D17,S,1.0920251829017344
865,0,2,"Gill, Mr. John William",True,-0.3926006863479967,0,0,233866,-0.410244924136975,,S,-0.7339841393273954
866,1,2,"Bystrom, Mrs. (Karolina)",False,0.8473829026749384,0,0,236852,-0.410244924136975,,S,1.0920251829017344
867,1,2,"Duran y More, Miss. Asuncion",False,-0.1859367548441742,1,0,SC/PARIS 2149,-0.39401440529263315,,C,0.17902052178716957
868,0,1,"Roebling, Mr. Washington Augustus II",True,0.08961515382758917,0,0,PC 17590,0.2988035303470907,A24,S,-0.7339841393273954
870,1,3,"Johnson, Master. Harold Theodor",True,-1.7703602297068137,1,1,347742,-0.4455443643405553,,S,2.0050298440163
871,0,3,"Balkic, Mr. Cerin",True,-0.25482473201211503,0,0,349248,-0.5067657377048297,,S,-0.7339841393273954
872,1,1,"Beckwith, Mrs. Richard Leonard (Sallie Monypeny)",False,1.1918227885146426,1,1,11751,0.33772803225690456,D35,S,1.0920251829017344
873,0,1,"Carlsson, Mr. Frans Olof",True,0.22739110816347086,0,0,695,-0.5615255378556455,B51 B53 B55,S,-0.7339841393273954
874,0,3,"Vander Cruyssen, Mr. Victor",True,1.1918227885146426,0,0,345765,-0.48588523099631026,,S,-0.7339841393273954
875,1,2,"Abelson, Mrs. Samuel (Hannah Wizosky)",False,-0.11704877767623337,1,0,P/PP 3381,-0.20223408027380307,,C,1.0920251829017344
876,1,3,"Najib, Miss. Adele Kiamie ""Jane""",False,-1.0125924808594644,0,0,2667,-0.5194506171651402,,C,0.17902052178716957
877,0,3,"Gustafsson, Mr. Alfred Ossian",True,-0.6681525950197601,0,0,7534,-0.4698910881109038,,S,-0.7339841393273954
878,0,3,"Petroff, Mr. Nedelio",True,-0.7370405721877009,0,0,349212,-0.5067657377048297,,S,-0.7339841393273954
880,1,1,"Potter, Mrs. Thomas Jr (Lily Alexenia Wilson)",False,1.8118145830261103,0,1,11767,0.91645391104535,C50,C,1.0920251829017344
881,1,2,"Shelley, Mrs. William (Imanita Parrish Hall)",False,-0.3237127091800559,0,1,230433,-0.16441392684413544,,S,1.0920251829017344
882,0,3,"Markun, Mr. Johann",True,0.22739110816347086,0,0,349257,-0.5067657377048297,,S,-0.7339841393273954
883,0,3,"Dahlberg, Miss. Gerda Ulrika",False,-0.5303766406838785,0,0,7552,-0.4572043176429218,,S,0.17902052178716957
884,0,2,"Banfield, Mr. Frederick James",True,-0.11704877767623337,0,0,C.A./SOTON 34068,-0.4575201159240595,,S,-0.7339841393273954
885,0,3,"Sutehall, Mr. Henry Jr",True,-0.3237127091800559,0,0,SOTON/OQ 392076,-0.5227598805902361,,S,-0.7339841393273954
886,0,3,"Rice, Mrs. William (Margaret Norton)",False,0.6407189711711159,0,5,382652,-0.10531993711027979,,Q,1.0920251829017344
887,0,2,"Montvila, Rev. Juozas",True,-0.1859367548441742,0,0,211536,-0.410244924136975,,S,2.9180345051308647
888,1,1,"Graham, Miss. Margaret Edith",False,-0.7370405721877009,0,0,112053,-0.0887736199848002,B42,S,0.17902052178716957
890,1,1,"Behr, Mr. Karl Howell",True,-0.25482473201211503,0,0,111369,-0.0887736199848002,C148,C,-0.7339841393273954
891,0,3,"Dooley, Mr. Patrick",True,0.15850313099553,0,0,370376,-0.5095228268898525,,Q,-0.7339841393273954
